CompositeId,Refactorings,Project,Previous Commit,Current Commit,Smell Type,Smell Before,Smell After,Smells Added,Smells Removed,Smells Not Affected
15,"['Extract Method', 'Rename Parameter', 'Rename Variable', 'Rename Variable', 'Change Variable Type', 'Rename Method', 'Change Variable Type', 'Change Variable Type', 'Extract Method', 'Rename Variable', 'Rename Variable', 'Rename Variable', 'Rename Variable', 'Rename Variable', 'Change Variable Type', 'Change Variable Type', 'Rename Variable', 'Rename Variable', 'Rename Variable', 'Extract Method', 'Change Parameter Type', 'Rename Variable', 'Change Parameter Type', 'Rename Variable', 'Change Variable Type', 'Change Variable Type', 'Rename Variable', 'Rename Variable', 'Rename Variable', 'Rename Parameter', 'Rename Variable', 'Change Variable Type', 'Change Variable Type', 'Change Variable Type', 'Rename Variable', 'Change Variable Type', 'Change Variable Type', 'Rename Variable', 'Extract Variable']",okhttp,cd0c8188a2f7aed6ecaeea8edafb2770981c63c1,198c4b540afc1ed655af755411b8fa23650431bf,FeatureEnvy,76,51,0,25,51
15,"['Extract Method', 'Rename Parameter', 'Rename Variable', 'Rename Variable', 'Change Variable Type', 'Rename Method', 'Change Variable Type', 'Change Variable Type', 'Extract Method', 'Rename Variable', 'Rename Variable', 'Rename Variable', 'Rename Variable', 'Rename Variable', 'Change Variable Type', 'Change Variable Type', 'Rename Variable', 'Rename Variable', 'Rename Variable', 'Extract Method', 'Change Parameter Type', 'Rename Variable', 'Change Parameter Type', 'Rename Variable', 'Change Variable Type', 'Change Variable Type', 'Rename Variable', 'Rename Variable', 'Rename Variable', 'Rename Parameter', 'Rename Variable', 'Change Variable Type', 'Change Variable Type', 'Change Variable Type', 'Rename Variable', 'Change Variable Type', 'Change Variable Type', 'Rename Variable', 'Extract Variable']",okhttp,cd0c8188a2f7aed6ecaeea8edafb2770981c63c1,198c4b540afc1ed655af755411b8fa23650431bf,LongMethod,2,2,0,0,2
15,"['Extract Method', 'Rename Parameter', 'Rename Variable', 'Rename Variable', 'Change Variable Type', 'Rename Method', 'Change Variable Type', 'Change Variable Type', 'Extract Method', 'Rename Variable', 'Rename Variable', 'Rename Variable', 'Rename Variable', 'Rename Variable', 'Change Variable Type', 'Change Variable Type', 'Rename Variable', 'Rename Variable', 'Rename Variable', 'Extract Method', 'Change Parameter Type', 'Rename Variable', 'Change Parameter Type', 'Rename Variable', 'Change Variable Type', 'Change Variable Type', 'Rename Variable', 'Rename Variable', 'Rename Variable', 'Rename Parameter', 'Rename Variable', 'Change Variable Type', 'Change Variable Type', 'Change Variable Type', 'Rename Variable', 'Change Variable Type', 'Change Variable Type', 'Rename Variable', 'Extract Variable']",okhttp,cd0c8188a2f7aed6ecaeea8edafb2770981c63c1,198c4b540afc1ed655af755411b8fa23650431bf,MessageChain,88,110,22,0,88
15,"['Extract Method', 'Rename Parameter', 'Rename Variable', 'Rename Variable', 'Change Variable Type', 'Rename Method', 'Change Variable Type', 'Change Variable Type', 'Extract Method', 'Rename Variable', 'Rename Variable', 'Rename Variable', 'Rename Variable', 'Rename Variable', 'Change Variable Type', 'Change Variable Type', 'Rename Variable', 'Rename Variable', 'Rename Variable', 'Extract Method', 'Change Parameter Type', 'Rename Variable', 'Change Parameter Type', 'Rename Variable', 'Change Variable Type', 'Change Variable Type', 'Rename Variable', 'Rename Variable', 'Rename Variable', 'Rename Parameter', 'Rename Variable', 'Change Variable Type', 'Change Variable Type', 'Change Variable Type', 'Rename Variable', 'Change Variable Type', 'Change Variable Type', 'Rename Variable', 'Extract Variable']",okhttp,cd0c8188a2f7aed6ecaeea8edafb2770981c63c1,198c4b540afc1ed655af755411b8fa23650431bf,IntensiveCoupling,1,1,0,0,1
15,"['Extract Method', 'Rename Parameter', 'Rename Variable', 'Rename Variable', 'Change Variable Type', 'Rename Method', 'Change Variable Type', 'Change Variable Type', 'Extract Method', 'Rename Variable', 'Rename Variable', 'Rename Variable', 'Rename Variable', 'Rename Variable', 'Change Variable Type', 'Change Variable Type', 'Rename Variable', 'Rename Variable', 'Rename Variable', 'Extract Method', 'Change Parameter Type', 'Rename Variable', 'Change Parameter Type', 'Rename Variable', 'Change Variable Type', 'Change Variable Type', 'Rename Variable', 'Rename Variable', 'Rename Variable', 'Rename Parameter', 'Rename Variable', 'Change Variable Type', 'Change Variable Type', 'Change Variable Type', 'Rename Variable', 'Change Variable Type', 'Change Variable Type', 'Rename Variable', 'Extract Variable']",okhttp,cd0c8188a2f7aed6ecaeea8edafb2770981c63c1,198c4b540afc1ed655af755411b8fa23650431bf,DispersedCoupling,3,3,0,0,3
27,"['Move Attribute', 'Move Attribute', 'Move Method', 'Move Method', 'Extract Class', 'Rename Parameter', 'Move Method', 'Move Attribute', 'Change Parameter Type', 'Move Method', 'Move Method', 'Rename Variable', 'Rename Method']",okhttp,0a248c50e9a9795cecc7becb40283784ae6be8bc,0f624b52bebbcac83f7cf8566dc25a694b6adbed,FeatureEnvy,5,4,0,1,4
27,"['Move Attribute', 'Move Attribute', 'Move Method', 'Move Method', 'Extract Class', 'Rename Parameter', 'Move Method', 'Move Attribute', 'Change Parameter Type', 'Move Method', 'Move Method', 'Rename Variable', 'Rename Method']",okhttp,0a248c50e9a9795cecc7becb40283784ae6be8bc,0f624b52bebbcac83f7cf8566dc25a694b6adbed,LongMethod,3,3,0,0,3
27,"['Move Attribute', 'Move Attribute', 'Move Method', 'Move Method', 'Extract Class', 'Rename Parameter', 'Move Method', 'Move Attribute', 'Change Parameter Type', 'Move Method', 'Move Method', 'Rename Variable', 'Rename Method']",okhttp,0a248c50e9a9795cecc7becb40283784ae6be8bc,0f624b52bebbcac83f7cf8566dc25a694b6adbed,MessageChain,2,2,0,0,2
27,"['Move Attribute', 'Move Attribute', 'Move Method', 'Move Method', 'Extract Class', 'Rename Parameter', 'Move Method', 'Move Attribute', 'Change Parameter Type', 'Move Method', 'Move Method', 'Rename Variable', 'Rename Method']",okhttp,0a248c50e9a9795cecc7becb40283784ae6be8bc,0f624b52bebbcac83f7cf8566dc25a694b6adbed,IntensiveCoupling,2,1,0,1,1
27,"['Move Attribute', 'Move Attribute', 'Move Method', 'Move Method', 'Extract Class', 'Rename Parameter', 'Move Method', 'Move Attribute', 'Change Parameter Type', 'Move Method', 'Move Method', 'Rename Variable', 'Rename Method']",okhttp,0a248c50e9a9795cecc7becb40283784ae6be8bc,0f624b52bebbcac83f7cf8566dc25a694b6adbed,LongParameterList,4,4,0,0,4
27,"['Move Attribute', 'Move Attribute', 'Move Method', 'Move Method', 'Extract Class', 'Rename Parameter', 'Move Method', 'Move Attribute', 'Change Parameter Type', 'Move Method', 'Move Method', 'Rename Variable', 'Rename Method']",okhttp,0a248c50e9a9795cecc7becb40283784ae6be8bc,0f624b52bebbcac83f7cf8566dc25a694b6adbed,DispersedCoupling,0,1,1,0,0
36,"['Move Method', 'Move Method', 'Move Method', 'Move Method', 'Extract Class', 'Move Method', 'Move Method', 'Move Method', 'Move Method', 'Move Method', 'Extract Class', 'Move Method', 'Move Method', 'Move Method', 'Move Method', 'Change Parameter Type', 'Change Attribute Type', 'Change Return Type']",okhttp,9493b59700d8df0c75c9340618df27edb29b3bfe,7f74fcc9bdf9f85bc506be04257e6900be63e1e5,FeatureEnvy,3,1,0,2,1
36,"['Move Method', 'Move Method', 'Move Method', 'Move Method', 'Extract Class', 'Move Method', 'Move Method', 'Move Method', 'Move Method', 'Move Method', 'Extract Class', 'Move Method', 'Move Method', 'Move Method', 'Move Method', 'Change Parameter Type', 'Change Attribute Type', 'Change Return Type']",okhttp,9493b59700d8df0c75c9340618df27edb29b3bfe,7f74fcc9bdf9f85bc506be04257e6900be63e1e5,LongParameterList,3,2,0,1,2
36,"['Move Method', 'Move Method', 'Move Method', 'Move Method', 'Extract Class', 'Move Method', 'Move Method', 'Move Method', 'Move Method', 'Move Method', 'Extract Class', 'Move Method', 'Move Method', 'Move Method', 'Move Method', 'Change Parameter Type', 'Change Attribute Type', 'Change Return Type']",okhttp,9493b59700d8df0c75c9340618df27edb29b3bfe,7f74fcc9bdf9f85bc506be04257e6900be63e1e5,LongMethod,1,0,0,1,0
36,"['Move Method', 'Move Method', 'Move Method', 'Move Method', 'Extract Class', 'Move Method', 'Move Method', 'Move Method', 'Move Method', 'Move Method', 'Extract Class', 'Move Method', 'Move Method', 'Move Method', 'Move Method', 'Change Parameter Type', 'Change Attribute Type', 'Change Return Type']",okhttp,9493b59700d8df0c75c9340618df27edb29b3bfe,7f74fcc9bdf9f85bc506be04257e6900be63e1e5,DispersedCoupling,1,0,0,1,0
36,"['Move Method', 'Move Method', 'Move Method', 'Move Method', 'Extract Class', 'Move Method', 'Move Method', 'Move Method', 'Move Method', 'Move Method', 'Extract Class', 'Move Method', 'Move Method', 'Move Method', 'Move Method', 'Change Parameter Type', 'Change Attribute Type', 'Change Return Type']",okhttp,9493b59700d8df0c75c9340618df27edb29b3bfe,7f74fcc9bdf9f85bc506be04257e6900be63e1e5,MessageChain,1,0,0,1,0
36,"['Move Method', 'Move Method', 'Move Method', 'Move Method', 'Extract Class', 'Move Method', 'Move Method', 'Move Method', 'Move Method', 'Move Method', 'Extract Class', 'Move Method', 'Move Method', 'Move Method', 'Move Method', 'Change Parameter Type', 'Change Attribute Type', 'Change Return Type']",okhttp,9493b59700d8df0c75c9340618df27edb29b3bfe,7f74fcc9bdf9f85bc506be04257e6900be63e1e5,FeatureEnvy,3,1,0,2,1
36,"['Move Method', 'Move Method', 'Move Method', 'Move Method', 'Extract Class', 'Move Method', 'Move Method', 'Move Method', 'Move Method', 'Move Method', 'Extract Class', 'Move Method', 'Move Method', 'Move Method', 'Move Method', 'Change Parameter Type', 'Change Attribute Type', 'Change Return Type']",okhttp,9493b59700d8df0c75c9340618df27edb29b3bfe,7f74fcc9bdf9f85bc506be04257e6900be63e1e5,LongParameterList,3,2,0,1,2
36,"['Move Method', 'Move Method', 'Move Method', 'Move Method', 'Extract Class', 'Move Method', 'Move Method', 'Move Method', 'Move Method', 'Move Method', 'Extract Class', 'Move Method', 'Move Method', 'Move Method', 'Move Method', 'Change Parameter Type', 'Change Attribute Type', 'Change Return Type']",okhttp,9493b59700d8df0c75c9340618df27edb29b3bfe,7f74fcc9bdf9f85bc506be04257e6900be63e1e5,LongMethod,1,0,0,1,0
36,"['Move Method', 'Move Method', 'Move Method', 'Move Method', 'Extract Class', 'Move Method', 'Move Method', 'Move Method', 'Move Method', 'Move Method', 'Extract Class', 'Move Method', 'Move Method', 'Move Method', 'Move Method', 'Change Parameter Type', 'Change Attribute Type', 'Change Return Type']",okhttp,9493b59700d8df0c75c9340618df27edb29b3bfe,7f74fcc9bdf9f85bc506be04257e6900be63e1e5,DispersedCoupling,1,0,0,1,0
36,"['Move Method', 'Move Method', 'Move Method', 'Move Method', 'Extract Class', 'Move Method', 'Move Method', 'Move Method', 'Move Method', 'Move Method', 'Extract Class', 'Move Method', 'Move Method', 'Move Method', 'Move Method', 'Change Parameter Type', 'Change Attribute Type', 'Change Return Type']",okhttp,9493b59700d8df0c75c9340618df27edb29b3bfe,7f74fcc9bdf9f85bc506be04257e6900be63e1e5,MessageChain,1,0,0,1,0
243,"['Extract Method', 'Extract Method']",okhttp,b26ad3e01ef2a7200f44bc309f6df852003e6992,7131fb250c34882c32f084c5b01a28ad0b6de25c,FeatureEnvy,1,1,0,0,1
243,"['Extract Method', 'Extract Method']",okhttp,b26ad3e01ef2a7200f44bc309f6df852003e6992,7131fb250c34882c32f084c5b01a28ad0b6de25c,LongMethod,1,0,0,1,0
243,"['Extract Method', 'Extract Method']",okhttp,b26ad3e01ef2a7200f44bc309f6df852003e6992,7131fb250c34882c32f084c5b01a28ad0b6de25c,IntensiveCoupling,1,0,0,1,0
243,"['Extract Method', 'Extract Method']",okhttp,b26ad3e01ef2a7200f44bc309f6df852003e6992,7131fb250c34882c32f084c5b01a28ad0b6de25c,DispersedCoupling,0,1,1,0,0
317,"['Move Class', 'Rename Variable', 'Move Method', 'Move Method', 'Move Method', 'Rename Variable', 'Rename Attribute', 'Rename Attribute', 'Rename Method', 'Rename Variable', 'Change Variable Type']",okhttp,413323f10d68e7581431b289971ec780cd0485a6,6306aec01d095b5a5709f8ee1c4f38dec479d34b,MessageChain,9,10,1,0,9
317,"['Move Class', 'Rename Variable', 'Move Method', 'Move Method', 'Move Method', 'Rename Variable', 'Rename Attribute', 'Rename Attribute', 'Rename Method', 'Rename Variable', 'Change Variable Type']",okhttp,413323f10d68e7581431b289971ec780cd0485a6,6306aec01d095b5a5709f8ee1c4f38dec479d34b,FeatureEnvy,9,12,3,0,9
317,"['Move Class', 'Rename Variable', 'Move Method', 'Move Method', 'Move Method', 'Rename Variable', 'Rename Attribute', 'Rename Attribute', 'Rename Method', 'Rename Variable', 'Change Variable Type']",okhttp,413323f10d68e7581431b289971ec780cd0485a6,6306aec01d095b5a5709f8ee1c4f38dec479d34b,LongMethod,1,0,0,1,0
368,"['Move Class', 'Move Attribute', 'Move Attribute', 'Move Method', 'Move Method', 'Move Method', 'Move Class']",okhttp,54dc2df914f2aae37fb48cc2c2f7560ee664bc2b,3d43a8dba89ccd7333c3ebcf74928e441790d943,LongMethod,2,0,0,2,0
368,"['Move Class', 'Move Attribute', 'Move Attribute', 'Move Method', 'Move Method', 'Move Method', 'Move Class']",okhttp,54dc2df914f2aae37fb48cc2c2f7560ee664bc2b,3d43a8dba89ccd7333c3ebcf74928e441790d943,LongParameterList,15,1,0,14,1
368,"['Move Class', 'Move Attribute', 'Move Attribute', 'Move Method', 'Move Method', 'Move Method', 'Move Class']",okhttp,54dc2df914f2aae37fb48cc2c2f7560ee664bc2b,3d43a8dba89ccd7333c3ebcf74928e441790d943,FeatureEnvy,1,0,0,1,0
368,"['Move Class', 'Move Attribute', 'Move Attribute', 'Move Method', 'Move Method', 'Move Method', 'Move Class']",okhttp,54dc2df914f2aae37fb48cc2c2f7560ee664bc2b,3d43a8dba89ccd7333c3ebcf74928e441790d943,LongMethod,2,0,0,2,0
368,"['Move Class', 'Move Attribute', 'Move Attribute', 'Move Method', 'Move Method', 'Move Method', 'Move Class']",okhttp,54dc2df914f2aae37fb48cc2c2f7560ee664bc2b,3d43a8dba89ccd7333c3ebcf74928e441790d943,LongParameterList,15,1,0,14,1
368,"['Move Class', 'Move Attribute', 'Move Attribute', 'Move Method', 'Move Method', 'Move Method', 'Move Class']",okhttp,54dc2df914f2aae37fb48cc2c2f7560ee664bc2b,3d43a8dba89ccd7333c3ebcf74928e441790d943,FeatureEnvy,1,0,0,1,0
424,"['Move Class', 'Move Method', 'Move Attribute', 'Move Method', 'Extract Class', 'Move Method', 'Move Attribute', 'Move Attribute', 'Move Attribute', 'Move Attribute', 'Move Method', 'Move Method', 'Rename Class']",okhttp,54dc2df914f2aae37fb48cc2c2f7560ee664bc2b,c5187583bbfe93fe58db80f95b5b478c84180c29,FeatureEnvy,1,0,0,1,0
428,"['Move Method', 'Move Method', 'Extract Class', 'Move Method', 'Move Method', 'Extract Class', 'Move Method', 'Extract Method', 'Change Variable Type', 'Rename Variable', 'Change Return Type', 'Change Variable Type', 'Rename Variable', 'Rename Variable', 'Change Variable Type', 'Rename Variable', 'Move Method', 'Change Variable Type']",okhttp,668721f7dacf2f2d0d7c1a681b57d3157eb275d1,e3b3180f9c4cc8821e9092955127935fa956a988,LongParameterList,1,0,0,1,0
428,"['Move Method', 'Move Method', 'Extract Class', 'Move Method', 'Move Method', 'Extract Class', 'Move Method', 'Extract Method', 'Change Variable Type', 'Rename Variable', 'Change Return Type', 'Change Variable Type', 'Rename Variable', 'Rename Variable', 'Change Variable Type', 'Rename Variable', 'Move Method', 'Change Variable Type']",okhttp,668721f7dacf2f2d0d7c1a681b57d3157eb275d1,e3b3180f9c4cc8821e9092955127935fa956a988,FeatureEnvy,11,5,0,6,5
428,"['Move Method', 'Move Method', 'Extract Class', 'Move Method', 'Move Method', 'Extract Class', 'Move Method', 'Extract Method', 'Change Variable Type', 'Rename Variable', 'Change Return Type', 'Change Variable Type', 'Rename Variable', 'Rename Variable', 'Change Variable Type', 'Rename Variable', 'Move Method', 'Change Variable Type']",okhttp,668721f7dacf2f2d0d7c1a681b57d3157eb275d1,e3b3180f9c4cc8821e9092955127935fa956a988,LongMethod,4,2,0,2,2
428,"['Move Method', 'Move Method', 'Extract Class', 'Move Method', 'Move Method', 'Extract Class', 'Move Method', 'Extract Method', 'Change Variable Type', 'Rename Variable', 'Change Return Type', 'Change Variable Type', 'Rename Variable', 'Rename Variable', 'Change Variable Type', 'Rename Variable', 'Move Method', 'Change Variable Type']",okhttp,668721f7dacf2f2d0d7c1a681b57d3157eb275d1,e3b3180f9c4cc8821e9092955127935fa956a988,MessageChain,5,2,0,3,2
428,"['Move Method', 'Move Method', 'Extract Class', 'Move Method', 'Move Method', 'Extract Class', 'Move Method', 'Extract Method', 'Change Variable Type', 'Rename Variable', 'Change Return Type', 'Change Variable Type', 'Rename Variable', 'Rename Variable', 'Change Variable Type', 'Rename Variable', 'Move Method', 'Change Variable Type']",okhttp,668721f7dacf2f2d0d7c1a681b57d3157eb275d1,e3b3180f9c4cc8821e9092955127935fa956a988,IntensiveCoupling,3,1,0,2,1
428,"['Move Method', 'Move Method', 'Extract Class', 'Move Method', 'Move Method', 'Extract Class', 'Move Method', 'Extract Method', 'Change Variable Type', 'Rename Variable', 'Change Return Type', 'Change Variable Type', 'Rename Variable', 'Rename Variable', 'Change Variable Type', 'Rename Variable', 'Move Method', 'Change Variable Type']",okhttp,668721f7dacf2f2d0d7c1a681b57d3157eb275d1,e3b3180f9c4cc8821e9092955127935fa956a988,DispersedCoupling,1,2,1,0,1
428,"['Move Method', 'Move Method', 'Extract Class', 'Move Method', 'Move Method', 'Extract Class', 'Move Method', 'Extract Method', 'Change Variable Type', 'Rename Variable', 'Change Return Type', 'Change Variable Type', 'Rename Variable', 'Rename Variable', 'Change Variable Type', 'Rename Variable', 'Move Method', 'Change Variable Type']",okhttp,668721f7dacf2f2d0d7c1a681b57d3157eb275d1,e3b3180f9c4cc8821e9092955127935fa956a988,LongParameterList,1,0,0,1,0
428,"['Move Method', 'Move Method', 'Extract Class', 'Move Method', 'Move Method', 'Extract Class', 'Move Method', 'Extract Method', 'Change Variable Type', 'Rename Variable', 'Change Return Type', 'Change Variable Type', 'Rename Variable', 'Rename Variable', 'Change Variable Type', 'Rename Variable', 'Move Method', 'Change Variable Type']",okhttp,668721f7dacf2f2d0d7c1a681b57d3157eb275d1,e3b3180f9c4cc8821e9092955127935fa956a988,FeatureEnvy,11,5,0,6,5
428,"['Move Method', 'Move Method', 'Extract Class', 'Move Method', 'Move Method', 'Extract Class', 'Move Method', 'Extract Method', 'Change Variable Type', 'Rename Variable', 'Change Return Type', 'Change Variable Type', 'Rename Variable', 'Rename Variable', 'Change Variable Type', 'Rename Variable', 'Move Method', 'Change Variable Type']",okhttp,668721f7dacf2f2d0d7c1a681b57d3157eb275d1,e3b3180f9c4cc8821e9092955127935fa956a988,LongMethod,4,2,0,2,2
428,"['Move Method', 'Move Method', 'Extract Class', 'Move Method', 'Move Method', 'Extract Class', 'Move Method', 'Extract Method', 'Change Variable Type', 'Rename Variable', 'Change Return Type', 'Change Variable Type', 'Rename Variable', 'Rename Variable', 'Change Variable Type', 'Rename Variable', 'Move Method', 'Change Variable Type']",okhttp,668721f7dacf2f2d0d7c1a681b57d3157eb275d1,e3b3180f9c4cc8821e9092955127935fa956a988,MessageChain,5,2,0,3,2
428,"['Move Method', 'Move Method', 'Extract Class', 'Move Method', 'Move Method', 'Extract Class', 'Move Method', 'Extract Method', 'Change Variable Type', 'Rename Variable', 'Change Return Type', 'Change Variable Type', 'Rename Variable', 'Rename Variable', 'Change Variable Type', 'Rename Variable', 'Move Method', 'Change Variable Type']",okhttp,668721f7dacf2f2d0d7c1a681b57d3157eb275d1,e3b3180f9c4cc8821e9092955127935fa956a988,IntensiveCoupling,3,1,0,2,1
428,"['Move Method', 'Move Method', 'Extract Class', 'Move Method', 'Move Method', 'Extract Class', 'Move Method', 'Extract Method', 'Change Variable Type', 'Rename Variable', 'Change Return Type', 'Change Variable Type', 'Rename Variable', 'Rename Variable', 'Change Variable Type', 'Rename Variable', 'Move Method', 'Change Variable Type']",okhttp,668721f7dacf2f2d0d7c1a681b57d3157eb275d1,e3b3180f9c4cc8821e9092955127935fa956a988,DispersedCoupling,1,2,1,0,1
617,"['Move Method', 'Move Method', 'Move Method', 'Change Attribute Type', 'Change Return Type', 'Rename Method', 'Change Return Type', 'Move Method', 'Rename Method', 'Rename Method', 'Change Attribute Type', 'Rename Attribute', 'Move Class']",okhttp,f83688962cb8fd25675f83453482a1555e883586,c9a89876de476983f273edbf108c365127c18c5e,FeatureEnvy,4,0,0,4,0
617,"['Move Method', 'Move Method', 'Move Method', 'Change Attribute Type', 'Change Return Type', 'Rename Method', 'Change Return Type', 'Move Method', 'Rename Method', 'Rename Method', 'Change Attribute Type', 'Rename Attribute', 'Move Class']",okhttp,f83688962cb8fd25675f83453482a1555e883586,c9a89876de476983f273edbf108c365127c18c5e,LongMethod,2,0,0,2,0
617,"['Move Method', 'Move Method', 'Move Method', 'Change Attribute Type', 'Change Return Type', 'Rename Method', 'Change Return Type', 'Move Method', 'Rename Method', 'Rename Method', 'Change Attribute Type', 'Rename Attribute', 'Move Class']",okhttp,f83688962cb8fd25675f83453482a1555e883586,c9a89876de476983f273edbf108c365127c18c5e,LongParameterList,1,0,0,1,0
617,"['Move Method', 'Move Method', 'Move Method', 'Change Attribute Type', 'Change Return Type', 'Rename Method', 'Change Return Type', 'Move Method', 'Rename Method', 'Rename Method', 'Change Attribute Type', 'Rename Attribute', 'Move Class']",okhttp,f83688962cb8fd25675f83453482a1555e883586,c9a89876de476983f273edbf108c365127c18c5e,IntensiveCoupling,1,0,0,1,0
617,"['Move Method', 'Move Method', 'Move Method', 'Change Attribute Type', 'Change Return Type', 'Rename Method', 'Change Return Type', 'Move Method', 'Rename Method', 'Rename Method', 'Change Attribute Type', 'Rename Attribute', 'Move Class']",okhttp,f83688962cb8fd25675f83453482a1555e883586,c9a89876de476983f273edbf108c365127c18c5e,FeatureEnvy,4,0,0,4,0
617,"['Move Method', 'Move Method', 'Move Method', 'Change Attribute Type', 'Change Return Type', 'Rename Method', 'Change Return Type', 'Move Method', 'Rename Method', 'Rename Method', 'Change Attribute Type', 'Rename Attribute', 'Move Class']",okhttp,f83688962cb8fd25675f83453482a1555e883586,c9a89876de476983f273edbf108c365127c18c5e,LongMethod,2,0,0,2,0
617,"['Move Method', 'Move Method', 'Move Method', 'Change Attribute Type', 'Change Return Type', 'Rename Method', 'Change Return Type', 'Move Method', 'Rename Method', 'Rename Method', 'Change Attribute Type', 'Rename Attribute', 'Move Class']",okhttp,f83688962cb8fd25675f83453482a1555e883586,c9a89876de476983f273edbf108c365127c18c5e,LongParameterList,1,0,0,1,0
617,"['Move Method', 'Move Method', 'Move Method', 'Change Attribute Type', 'Change Return Type', 'Rename Method', 'Change Return Type', 'Move Method', 'Rename Method', 'Rename Method', 'Change Attribute Type', 'Rename Attribute', 'Move Class']",okhttp,f83688962cb8fd25675f83453482a1555e883586,c9a89876de476983f273edbf108c365127c18c5e,IntensiveCoupling,1,0,0,1,0
630,"['Move Method', 'Move Method', 'Move Class']",okhttp,d53dae207e05a8fde2dba3847b997a00410cad6b,c9a89876de476983f273edbf108c365127c18c5e,LongParameterList,1,0,0,1,0
630,"['Move Method', 'Move Method', 'Move Class']",okhttp,d53dae207e05a8fde2dba3847b997a00410cad6b,c9a89876de476983f273edbf108c365127c18c5e,DispersedCoupling,1,0,0,1,0
630,"['Move Method', 'Move Method', 'Move Class']",okhttp,d53dae207e05a8fde2dba3847b997a00410cad6b,c9a89876de476983f273edbf108c365127c18c5e,FeatureEnvy,2,0,0,2,0
630,"['Move Method', 'Move Method', 'Move Class']",okhttp,d53dae207e05a8fde2dba3847b997a00410cad6b,c9a89876de476983f273edbf108c365127c18c5e,IntensiveCoupling,2,0,0,2,0
630,"['Move Method', 'Move Method', 'Move Class']",okhttp,d53dae207e05a8fde2dba3847b997a00410cad6b,c9a89876de476983f273edbf108c365127c18c5e,MessageChain,3,0,0,3,0
630,"['Move Method', 'Move Method', 'Move Class']",okhttp,d53dae207e05a8fde2dba3847b997a00410cad6b,c9a89876de476983f273edbf108c365127c18c5e,LongMethod,1,0,0,1,0
630,"['Move Method', 'Move Method', 'Move Class']",okhttp,d53dae207e05a8fde2dba3847b997a00410cad6b,c9a89876de476983f273edbf108c365127c18c5e,LongParameterList,1,0,0,1,0
630,"['Move Method', 'Move Method', 'Move Class']",okhttp,d53dae207e05a8fde2dba3847b997a00410cad6b,c9a89876de476983f273edbf108c365127c18c5e,DispersedCoupling,1,0,0,1,0
630,"['Move Method', 'Move Method', 'Move Class']",okhttp,d53dae207e05a8fde2dba3847b997a00410cad6b,c9a89876de476983f273edbf108c365127c18c5e,FeatureEnvy,2,0,0,2,0
630,"['Move Method', 'Move Method', 'Move Class']",okhttp,d53dae207e05a8fde2dba3847b997a00410cad6b,c9a89876de476983f273edbf108c365127c18c5e,IntensiveCoupling,2,0,0,2,0
630,"['Move Method', 'Move Method', 'Move Class']",okhttp,d53dae207e05a8fde2dba3847b997a00410cad6b,c9a89876de476983f273edbf108c365127c18c5e,MessageChain,3,0,0,3,0
630,"['Move Method', 'Move Method', 'Move Class']",okhttp,d53dae207e05a8fde2dba3847b997a00410cad6b,c9a89876de476983f273edbf108c365127c18c5e,LongMethod,1,0,0,1,0
632,"['Move Method', 'Extract Class', 'Extract Variable', 'Move Class']",okhttp,d53dae207e05a8fde2dba3847b997a00410cad6b,c9a89876de476983f273edbf108c365127c18c5e,MessageChain,1,0,0,1,0
632,"['Move Method', 'Extract Class', 'Extract Variable', 'Move Class']",okhttp,d53dae207e05a8fde2dba3847b997a00410cad6b,c9a89876de476983f273edbf108c365127c18c5e,FeatureEnvy,1,0,0,1,0
632,"['Move Method', 'Extract Class', 'Extract Variable', 'Move Class']",okhttp,d53dae207e05a8fde2dba3847b997a00410cad6b,c9a89876de476983f273edbf108c365127c18c5e,ShotgunSurgery,0,1,1,0,0
676,"['Extract Class', 'Move Method', 'Move Method', 'Extract Method', 'Extract Method', 'Move Class']",okhttp,e0d34ebdd7aba18149d195804075a87b97f3c02d,c9a89876de476983f273edbf108c365127c18c5e,LongParameterList,1,3,2,0,1
676,"['Extract Class', 'Move Method', 'Move Method', 'Extract Method', 'Extract Method', 'Move Class']",okhttp,e0d34ebdd7aba18149d195804075a87b97f3c02d,c9a89876de476983f273edbf108c365127c18c5e,FeatureEnvy,10,0,0,10,0
676,"['Extract Class', 'Move Method', 'Move Method', 'Extract Method', 'Extract Method', 'Move Class']",okhttp,e0d34ebdd7aba18149d195804075a87b97f3c02d,c9a89876de476983f273edbf108c365127c18c5e,LongMethod,5,0,0,5,0
676,"['Extract Class', 'Move Method', 'Move Method', 'Extract Method', 'Extract Method', 'Move Class']",okhttp,e0d34ebdd7aba18149d195804075a87b97f3c02d,c9a89876de476983f273edbf108c365127c18c5e,MessageChain,4,0,0,4,0
676,"['Extract Class', 'Move Method', 'Move Method', 'Extract Method', 'Extract Method', 'Move Class']",okhttp,e0d34ebdd7aba18149d195804075a87b97f3c02d,c9a89876de476983f273edbf108c365127c18c5e,IntensiveCoupling,2,0,0,2,0
676,"['Extract Class', 'Move Method', 'Move Method', 'Extract Method', 'Extract Method', 'Move Class']",okhttp,e0d34ebdd7aba18149d195804075a87b97f3c02d,c9a89876de476983f273edbf108c365127c18c5e,DispersedCoupling,2,0,0,2,0
676,"['Extract Class', 'Move Method', 'Move Method', 'Extract Method', 'Extract Method', 'Move Class']",okhttp,e0d34ebdd7aba18149d195804075a87b97f3c02d,c9a89876de476983f273edbf108c365127c18c5e,LongParameterList,1,3,2,0,1
676,"['Extract Class', 'Move Method', 'Move Method', 'Extract Method', 'Extract Method', 'Move Class']",okhttp,e0d34ebdd7aba18149d195804075a87b97f3c02d,c9a89876de476983f273edbf108c365127c18c5e,FeatureEnvy,10,0,0,10,0
676,"['Extract Class', 'Move Method', 'Move Method', 'Extract Method', 'Extract Method', 'Move Class']",okhttp,e0d34ebdd7aba18149d195804075a87b97f3c02d,c9a89876de476983f273edbf108c365127c18c5e,LongMethod,5,0,0,5,0
676,"['Extract Class', 'Move Method', 'Move Method', 'Extract Method', 'Extract Method', 'Move Class']",okhttp,e0d34ebdd7aba18149d195804075a87b97f3c02d,c9a89876de476983f273edbf108c365127c18c5e,MessageChain,4,0,0,4,0
676,"['Extract Class', 'Move Method', 'Move Method', 'Extract Method', 'Extract Method', 'Move Class']",okhttp,e0d34ebdd7aba18149d195804075a87b97f3c02d,c9a89876de476983f273edbf108c365127c18c5e,IntensiveCoupling,2,0,0,2,0
676,"['Extract Class', 'Move Method', 'Move Method', 'Extract Method', 'Extract Method', 'Move Class']",okhttp,e0d34ebdd7aba18149d195804075a87b97f3c02d,c9a89876de476983f273edbf108c365127c18c5e,DispersedCoupling,2,0,0,2,0
681,"['Push Down Method', 'Push Down Attribute', 'Push Down Attribute', 'Push Down Method', 'Push Down Attribute', 'Push Down Method', 'Push Down Method', 'Push Down Method', 'Push Down Method', 'Push Down Attribute', 'Push Down Method', 'Extract Subclass', 'Push Down Method', 'Push Down Method', 'Push Down Method', 'Push Down Method', 'Push Down Method', 'Push Down Method', 'Push Down Method', 'Push Down Attribute', 'Push Down Method', 'Move Method', 'Extract Variable', 'Move Class']",okhttp,e0d34ebdd7aba18149d195804075a87b97f3c02d,c9a89876de476983f273edbf108c365127c18c5e,LongParameterList,3,2,0,1,2
681,"['Push Down Method', 'Push Down Attribute', 'Push Down Attribute', 'Push Down Method', 'Push Down Attribute', 'Push Down Method', 'Push Down Method', 'Push Down Method', 'Push Down Method', 'Push Down Attribute', 'Push Down Method', 'Extract Subclass', 'Push Down Method', 'Push Down Method', 'Push Down Method', 'Push Down Method', 'Push Down Method', 'Push Down Method', 'Push Down Method', 'Push Down Attribute', 'Push Down Method', 'Move Method', 'Extract Variable', 'Move Class']",okhttp,e0d34ebdd7aba18149d195804075a87b97f3c02d,c9a89876de476983f273edbf108c365127c18c5e,FeatureEnvy,13,4,0,9,4
681,"['Push Down Method', 'Push Down Attribute', 'Push Down Attribute', 'Push Down Method', 'Push Down Attribute', 'Push Down Method', 'Push Down Method', 'Push Down Method', 'Push Down Method', 'Push Down Attribute', 'Push Down Method', 'Extract Subclass', 'Push Down Method', 'Push Down Method', 'Push Down Method', 'Push Down Method', 'Push Down Method', 'Push Down Method', 'Push Down Method', 'Push Down Attribute', 'Push Down Method', 'Move Method', 'Extract Variable', 'Move Class']",okhttp,e0d34ebdd7aba18149d195804075a87b97f3c02d,c9a89876de476983f273edbf108c365127c18c5e,LongMethod,6,1,0,5,1
681,"['Push Down Method', 'Push Down Attribute', 'Push Down Attribute', 'Push Down Method', 'Push Down Attribute', 'Push Down Method', 'Push Down Method', 'Push Down Method', 'Push Down Method', 'Push Down Attribute', 'Push Down Method', 'Extract Subclass', 'Push Down Method', 'Push Down Method', 'Push Down Method', 'Push Down Method', 'Push Down Method', 'Push Down Method', 'Push Down Method', 'Push Down Attribute', 'Push Down Method', 'Move Method', 'Extract Variable', 'Move Class']",okhttp,e0d34ebdd7aba18149d195804075a87b97f3c02d,c9a89876de476983f273edbf108c365127c18c5e,IntensiveCoupling,4,0,0,4,0
681,"['Push Down Method', 'Push Down Attribute', 'Push Down Attribute', 'Push Down Method', 'Push Down Attribute', 'Push Down Method', 'Push Down Method', 'Push Down Method', 'Push Down Method', 'Push Down Attribute', 'Push Down Method', 'Extract Subclass', 'Push Down Method', 'Push Down Method', 'Push Down Method', 'Push Down Method', 'Push Down Method', 'Push Down Method', 'Push Down Method', 'Push Down Attribute', 'Push Down Method', 'Move Method', 'Extract Variable', 'Move Class']",okhttp,e0d34ebdd7aba18149d195804075a87b97f3c02d,c9a89876de476983f273edbf108c365127c18c5e,DispersedCoupling,3,2,0,1,2
681,"['Push Down Method', 'Push Down Attribute', 'Push Down Attribute', 'Push Down Method', 'Push Down Attribute', 'Push Down Method', 'Push Down Method', 'Push Down Method', 'Push Down Method', 'Push Down Attribute', 'Push Down Method', 'Extract Subclass', 'Push Down Method', 'Push Down Method', 'Push Down Method', 'Push Down Method', 'Push Down Method', 'Push Down Method', 'Push Down Method', 'Push Down Attribute', 'Push Down Method', 'Move Method', 'Extract Variable', 'Move Class']",okhttp,e0d34ebdd7aba18149d195804075a87b97f3c02d,c9a89876de476983f273edbf108c365127c18c5e,MessageChain,5,2,0,3,2
681,"['Push Down Method', 'Push Down Attribute', 'Push Down Attribute', 'Push Down Method', 'Push Down Attribute', 'Push Down Method', 'Push Down Method', 'Push Down Method', 'Push Down Method', 'Push Down Attribute', 'Push Down Method', 'Extract Subclass', 'Push Down Method', 'Push Down Method', 'Push Down Method', 'Push Down Method', 'Push Down Method', 'Push Down Method', 'Push Down Method', 'Push Down Attribute', 'Push Down Method', 'Move Method', 'Extract Variable', 'Move Class']",okhttp,e0d34ebdd7aba18149d195804075a87b97f3c02d,c9a89876de476983f273edbf108c365127c18c5e,LongParameterList,3,2,0,1,2
681,"['Push Down Method', 'Push Down Attribute', 'Push Down Attribute', 'Push Down Method', 'Push Down Attribute', 'Push Down Method', 'Push Down Method', 'Push Down Method', 'Push Down Method', 'Push Down Attribute', 'Push Down Method', 'Extract Subclass', 'Push Down Method', 'Push Down Method', 'Push Down Method', 'Push Down Method', 'Push Down Method', 'Push Down Method', 'Push Down Method', 'Push Down Attribute', 'Push Down Method', 'Move Method', 'Extract Variable', 'Move Class']",okhttp,e0d34ebdd7aba18149d195804075a87b97f3c02d,c9a89876de476983f273edbf108c365127c18c5e,FeatureEnvy,13,4,0,9,4
681,"['Push Down Method', 'Push Down Attribute', 'Push Down Attribute', 'Push Down Method', 'Push Down Attribute', 'Push Down Method', 'Push Down Method', 'Push Down Method', 'Push Down Method', 'Push Down Attribute', 'Push Down Method', 'Extract Subclass', 'Push Down Method', 'Push Down Method', 'Push Down Method', 'Push Down Method', 'Push Down Method', 'Push Down Method', 'Push Down Method', 'Push Down Attribute', 'Push Down Method', 'Move Method', 'Extract Variable', 'Move Class']",okhttp,e0d34ebdd7aba18149d195804075a87b97f3c02d,c9a89876de476983f273edbf108c365127c18c5e,LongMethod,6,1,0,5,1
681,"['Push Down Method', 'Push Down Attribute', 'Push Down Attribute', 'Push Down Method', 'Push Down Attribute', 'Push Down Method', 'Push Down Method', 'Push Down Method', 'Push Down Method', 'Push Down Attribute', 'Push Down Method', 'Extract Subclass', 'Push Down Method', 'Push Down Method', 'Push Down Method', 'Push Down Method', 'Push Down Method', 'Push Down Method', 'Push Down Method', 'Push Down Attribute', 'Push Down Method', 'Move Method', 'Extract Variable', 'Move Class']",okhttp,e0d34ebdd7aba18149d195804075a87b97f3c02d,c9a89876de476983f273edbf108c365127c18c5e,IntensiveCoupling,4,0,0,4,0
681,"['Push Down Method', 'Push Down Attribute', 'Push Down Attribute', 'Push Down Method', 'Push Down Attribute', 'Push Down Method', 'Push Down Method', 'Push Down Method', 'Push Down Method', 'Push Down Attribute', 'Push Down Method', 'Extract Subclass', 'Push Down Method', 'Push Down Method', 'Push Down Method', 'Push Down Method', 'Push Down Method', 'Push Down Method', 'Push Down Method', 'Push Down Attribute', 'Push Down Method', 'Move Method', 'Extract Variable', 'Move Class']",okhttp,e0d34ebdd7aba18149d195804075a87b97f3c02d,c9a89876de476983f273edbf108c365127c18c5e,DispersedCoupling,3,2,0,1,2
681,"['Push Down Method', 'Push Down Attribute', 'Push Down Attribute', 'Push Down Method', 'Push Down Attribute', 'Push Down Method', 'Push Down Method', 'Push Down Method', 'Push Down Method', 'Push Down Attribute', 'Push Down Method', 'Extract Subclass', 'Push Down Method', 'Push Down Method', 'Push Down Method', 'Push Down Method', 'Push Down Method', 'Push Down Method', 'Push Down Method', 'Push Down Attribute', 'Push Down Method', 'Move Method', 'Extract Variable', 'Move Class']",okhttp,e0d34ebdd7aba18149d195804075a87b97f3c02d,c9a89876de476983f273edbf108c365127c18c5e,MessageChain,5,2,0,3,2
695,"['Rename Method', 'Rename Method', 'Rename Method', 'Rename Method', 'Rename Method', 'Rename Method', 'Rename Method', 'Rename Method', 'Rename Method', 'Rename Method', 'Rename Method', 'Change Attribute Type', 'Rename Method', 'Rename Method', 'Rename Method', 'Rename Method', 'Rename Method', 'Rename Method', 'Move Method', 'Change Attribute Type', 'Rename Method']",okhttp,df9001cd69cb7fecd5e6144fad1d00a67a46394a,bbd028c95f2d2e54deee899519d0deeabe561e8b,FeatureEnvy,12,4,0,8,4
695,"['Rename Method', 'Rename Method', 'Rename Method', 'Rename Method', 'Rename Method', 'Rename Method', 'Rename Method', 'Rename Method', 'Rename Method', 'Rename Method', 'Rename Method', 'Change Attribute Type', 'Rename Method', 'Rename Method', 'Rename Method', 'Rename Method', 'Rename Method', 'Rename Method', 'Move Method', 'Change Attribute Type', 'Rename Method']",okhttp,df9001cd69cb7fecd5e6144fad1d00a67a46394a,bbd028c95f2d2e54deee899519d0deeabe561e8b,MessageChain,4,4,0,0,4
708,"['Extract Method', 'Parameterize Variable', 'Rename Variable', 'Inline Method', 'Change Parameter Type', 'Change Return Type', 'Rename Parameter', 'Change Parameter Type', 'Rename Parameter', 'Rename Method', 'Rename Method', 'Rename Method', 'Rename Attribute', 'Replace Variable With Attribute', 'Move Attribute']",okhttp,9eb307e586adc21ffaf90bb640da0bdd725b106c,bffee2336725dde0f74933d5a7d12536c9bcbd06,LongMethod,1,0,0,1,0
708,"['Extract Method', 'Parameterize Variable', 'Rename Variable', 'Inline Method', 'Change Parameter Type', 'Change Return Type', 'Rename Parameter', 'Change Parameter Type', 'Rename Parameter', 'Rename Method', 'Rename Method', 'Rename Method', 'Rename Attribute', 'Replace Variable With Attribute', 'Move Attribute']",okhttp,9eb307e586adc21ffaf90bb640da0bdd725b106c,bffee2336725dde0f74933d5a7d12536c9bcbd06,LongParameterList,1,1,0,0,1
730,"['Change Attribute Type', 'Change Attribute Type', 'Rename Method', 'Change Parameter Type', 'Rename Variable', 'Rename Parameter', 'Change Parameter Type', 'Rename Parameter', 'Change Variable Type', 'Rename Parameter', 'Rename Parameter', 'Rename Parameter', 'Change Variable Type', 'Change Parameter Type', 'Change Parameter Type', 'Rename Parameter', 'Change Parameter Type', 'Change Parameter Type', 'Change Variable Type', 'Rename Variable', 'Change Parameter Type', 'Extract Method', 'Change Attribute Type', 'Rename Parameter', 'Change Parameter Type', 'Change Variable Type', 'Rename Variable', 'Change Variable Type', 'Change Attribute Type', 'Rename Attribute', 'Rename Parameter', 'Rename Variable']",okhttp,ff622aff0facbd9a77d630610b3e98c1842d223a,dda7ce465d2e04ed5becf6b67e0d56d7336525ac,FeatureEnvy,4,5,1,0,4
730,"['Change Attribute Type', 'Change Attribute Type', 'Rename Method', 'Change Parameter Type', 'Rename Variable', 'Rename Parameter', 'Change Parameter Type', 'Rename Parameter', 'Change Variable Type', 'Rename Parameter', 'Rename Parameter', 'Rename Parameter', 'Change Variable Type', 'Change Parameter Type', 'Change Parameter Type', 'Rename Parameter', 'Change Parameter Type', 'Change Parameter Type', 'Change Variable Type', 'Rename Variable', 'Change Parameter Type', 'Extract Method', 'Change Attribute Type', 'Rename Parameter', 'Change Parameter Type', 'Change Variable Type', 'Rename Variable', 'Change Variable Type', 'Change Attribute Type', 'Rename Attribute', 'Rename Parameter', 'Rename Variable']",okhttp,ff622aff0facbd9a77d630610b3e98c1842d223a,dda7ce465d2e04ed5becf6b67e0d56d7336525ac,LongMethod,4,3,0,1,3
730,"['Change Attribute Type', 'Change Attribute Type', 'Rename Method', 'Change Parameter Type', 'Rename Variable', 'Rename Parameter', 'Change Parameter Type', 'Rename Parameter', 'Change Variable Type', 'Rename Parameter', 'Rename Parameter', 'Rename Parameter', 'Change Variable Type', 'Change Parameter Type', 'Change Parameter Type', 'Rename Parameter', 'Change Parameter Type', 'Change Parameter Type', 'Change Variable Type', 'Rename Variable', 'Change Parameter Type', 'Extract Method', 'Change Attribute Type', 'Rename Parameter', 'Change Parameter Type', 'Change Variable Type', 'Rename Variable', 'Change Variable Type', 'Change Attribute Type', 'Rename Attribute', 'Rename Parameter', 'Rename Variable']",okhttp,ff622aff0facbd9a77d630610b3e98c1842d223a,dda7ce465d2e04ed5becf6b67e0d56d7336525ac,IntensiveCoupling,2,2,0,0,2
730,"['Change Attribute Type', 'Change Attribute Type', 'Rename Method', 'Change Parameter Type', 'Rename Variable', 'Rename Parameter', 'Change Parameter Type', 'Rename Parameter', 'Change Variable Type', 'Rename Parameter', 'Rename Parameter', 'Rename Parameter', 'Change Variable Type', 'Change Parameter Type', 'Change Parameter Type', 'Rename Parameter', 'Change Parameter Type', 'Change Parameter Type', 'Change Variable Type', 'Rename Variable', 'Change Parameter Type', 'Extract Method', 'Change Attribute Type', 'Rename Parameter', 'Change Parameter Type', 'Change Variable Type', 'Rename Variable', 'Change Variable Type', 'Change Attribute Type', 'Rename Attribute', 'Rename Parameter', 'Rename Variable']",okhttp,ff622aff0facbd9a77d630610b3e98c1842d223a,dda7ce465d2e04ed5becf6b67e0d56d7336525ac,LongParameterList,2,3,1,0,2
730,"['Change Attribute Type', 'Change Attribute Type', 'Rename Method', 'Change Parameter Type', 'Rename Variable', 'Rename Parameter', 'Change Parameter Type', 'Rename Parameter', 'Change Variable Type', 'Rename Parameter', 'Rename Parameter', 'Rename Parameter', 'Change Variable Type', 'Change Parameter Type', 'Change Parameter Type', 'Rename Parameter', 'Change Parameter Type', 'Change Parameter Type', 'Change Variable Type', 'Rename Variable', 'Change Parameter Type', 'Extract Method', 'Change Attribute Type', 'Rename Parameter', 'Change Parameter Type', 'Change Variable Type', 'Rename Variable', 'Change Variable Type', 'Change Attribute Type', 'Rename Attribute', 'Rename Parameter', 'Rename Variable']",okhttp,ff622aff0facbd9a77d630610b3e98c1842d223a,dda7ce465d2e04ed5becf6b67e0d56d7336525ac,DispersedCoupling,1,1,0,0,1
730,"['Change Attribute Type', 'Change Attribute Type', 'Rename Method', 'Change Parameter Type', 'Rename Variable', 'Rename Parameter', 'Change Parameter Type', 'Rename Parameter', 'Change Variable Type', 'Rename Parameter', 'Rename Parameter', 'Rename Parameter', 'Change Variable Type', 'Change Parameter Type', 'Change Parameter Type', 'Rename Parameter', 'Change Parameter Type', 'Change Parameter Type', 'Change Variable Type', 'Rename Variable', 'Change Parameter Type', 'Extract Method', 'Change Attribute Type', 'Rename Parameter', 'Change Parameter Type', 'Change Variable Type', 'Rename Variable', 'Change Variable Type', 'Change Attribute Type', 'Rename Attribute', 'Rename Parameter', 'Rename Variable']",okhttp,ff622aff0facbd9a77d630610b3e98c1842d223a,dda7ce465d2e04ed5becf6b67e0d56d7336525ac,MessageChain,0,2,2,0,0
825,"['Extract Method', 'Rename Parameter', 'Extract Method']",okhttp,78c493e337ff138a45050c98173b4adaefe3c1f4,62efd9184c86aeafd503119a3e5721921b941aba,FeatureEnvy,17,4,0,13,4
825,"['Extract Method', 'Rename Parameter', 'Extract Method']",okhttp,78c493e337ff138a45050c98173b4adaefe3c1f4,62efd9184c86aeafd503119a3e5721921b941aba,LongMethod,1,1,0,0,1
825,"['Extract Method', 'Rename Parameter', 'Extract Method']",okhttp,78c493e337ff138a45050c98173b4adaefe3c1f4,62efd9184c86aeafd503119a3e5721921b941aba,LongParameterList,1,1,0,0,1
842,"['Change Return Type', 'Change Attribute Type', 'Inline Method', 'Move Method', 'Rename Parameter', 'Extract Method', 'Change Variable Type', 'Change Variable Type', 'Change Variable Type', 'Rename Attribute', 'Rename Parameter', 'Merge Attribute', 'Split Attribute', 'Rename Variable', 'Rename Attribute', 'Rename Method', 'Split Attribute', 'Split Attribute', 'Merge Attribute', 'Change Return Type', 'Rename Attribute', 'Change Attribute Type', 'Rename Variable', 'Change Parameter Type', 'Move Method', 'Inline Method', 'Rename Parameter', 'Change Parameter Type', 'Change Return Type', 'Inline Method', 'Rename Method', 'Rename Method', 'Extract Method', 'Rename Attribute']",okhttp,37971d6a783f844734252f6196434f78a0418100,e49dd7a2f08deac92fab3de2b8a63e90b588f746,LongParameterList,2,2,0,0,2
842,"['Change Return Type', 'Change Attribute Type', 'Inline Method', 'Move Method', 'Rename Parameter', 'Extract Method', 'Change Variable Type', 'Change Variable Type', 'Change Variable Type', 'Rename Attribute', 'Rename Parameter', 'Merge Attribute', 'Split Attribute', 'Rename Variable', 'Rename Attribute', 'Rename Method', 'Split Attribute', 'Split Attribute', 'Merge Attribute', 'Change Return Type', 'Rename Attribute', 'Change Attribute Type', 'Rename Variable', 'Change Parameter Type', 'Move Method', 'Inline Method', 'Rename Parameter', 'Change Parameter Type', 'Change Return Type', 'Inline Method', 'Rename Method', 'Rename Method', 'Extract Method', 'Rename Attribute']",okhttp,37971d6a783f844734252f6196434f78a0418100,e49dd7a2f08deac92fab3de2b8a63e90b588f746,LongMethod,5,4,0,1,4
842,"['Change Return Type', 'Change Attribute Type', 'Inline Method', 'Move Method', 'Rename Parameter', 'Extract Method', 'Change Variable Type', 'Change Variable Type', 'Change Variable Type', 'Rename Attribute', 'Rename Parameter', 'Merge Attribute', 'Split Attribute', 'Rename Variable', 'Rename Attribute', 'Rename Method', 'Split Attribute', 'Split Attribute', 'Merge Attribute', 'Change Return Type', 'Rename Attribute', 'Change Attribute Type', 'Rename Variable', 'Change Parameter Type', 'Move Method', 'Inline Method', 'Rename Parameter', 'Change Parameter Type', 'Change Return Type', 'Inline Method', 'Rename Method', 'Rename Method', 'Extract Method', 'Rename Attribute']",okhttp,37971d6a783f844734252f6196434f78a0418100,e49dd7a2f08deac92fab3de2b8a63e90b588f746,DispersedCoupling,3,2,0,1,2
842,"['Change Return Type', 'Change Attribute Type', 'Inline Method', 'Move Method', 'Rename Parameter', 'Extract Method', 'Change Variable Type', 'Change Variable Type', 'Change Variable Type', 'Rename Attribute', 'Rename Parameter', 'Merge Attribute', 'Split Attribute', 'Rename Variable', 'Rename Attribute', 'Rename Method', 'Split Attribute', 'Split Attribute', 'Merge Attribute', 'Change Return Type', 'Rename Attribute', 'Change Attribute Type', 'Rename Variable', 'Change Parameter Type', 'Move Method', 'Inline Method', 'Rename Parameter', 'Change Parameter Type', 'Change Return Type', 'Inline Method', 'Rename Method', 'Rename Method', 'Extract Method', 'Rename Attribute']",okhttp,37971d6a783f844734252f6196434f78a0418100,e49dd7a2f08deac92fab3de2b8a63e90b588f746,FeatureEnvy,9,10,1,0,9
842,"['Change Return Type', 'Change Attribute Type', 'Inline Method', 'Move Method', 'Rename Parameter', 'Extract Method', 'Change Variable Type', 'Change Variable Type', 'Change Variable Type', 'Rename Attribute', 'Rename Parameter', 'Merge Attribute', 'Split Attribute', 'Rename Variable', 'Rename Attribute', 'Rename Method', 'Split Attribute', 'Split Attribute', 'Merge Attribute', 'Change Return Type', 'Rename Attribute', 'Change Attribute Type', 'Rename Variable', 'Change Parameter Type', 'Move Method', 'Inline Method', 'Rename Parameter', 'Change Parameter Type', 'Change Return Type', 'Inline Method', 'Rename Method', 'Rename Method', 'Extract Method', 'Rename Attribute']",okhttp,37971d6a783f844734252f6196434f78a0418100,e49dd7a2f08deac92fab3de2b8a63e90b588f746,IntensiveCoupling,4,4,0,0,4
842,"['Change Return Type', 'Change Attribute Type', 'Inline Method', 'Move Method', 'Rename Parameter', 'Extract Method', 'Change Variable Type', 'Change Variable Type', 'Change Variable Type', 'Rename Attribute', 'Rename Parameter', 'Merge Attribute', 'Split Attribute', 'Rename Variable', 'Rename Attribute', 'Rename Method', 'Split Attribute', 'Split Attribute', 'Merge Attribute', 'Change Return Type', 'Rename Attribute', 'Change Attribute Type', 'Rename Variable', 'Change Parameter Type', 'Move Method', 'Inline Method', 'Rename Parameter', 'Change Parameter Type', 'Change Return Type', 'Inline Method', 'Rename Method', 'Rename Method', 'Extract Method', 'Rename Attribute']",okhttp,37971d6a783f844734252f6196434f78a0418100,e49dd7a2f08deac92fab3de2b8a63e90b588f746,MessageChain,4,4,0,0,4
889,"['Change Attribute Type', 'Change Variable Type', 'Extract Method', 'Change Variable Type']",okhttp,acccc681f4156695885486ab03e9502fd20ad202,1962206a01ada5b0edbaa13f2a9841d83937c27e,LongParameterList,3,3,0,0,3
889,"['Change Attribute Type', 'Change Variable Type', 'Extract Method', 'Change Variable Type']",okhttp,acccc681f4156695885486ab03e9502fd20ad202,1962206a01ada5b0edbaa13f2a9841d83937c27e,FeatureEnvy,2,0,0,2,0
889,"['Change Attribute Type', 'Change Variable Type', 'Extract Method', 'Change Variable Type']",okhttp,acccc681f4156695885486ab03e9502fd20ad202,1962206a01ada5b0edbaa13f2a9841d83937c27e,LongMethod,1,1,0,0,1
889,"['Change Attribute Type', 'Change Variable Type', 'Extract Method', 'Change Variable Type']",okhttp,acccc681f4156695885486ab03e9502fd20ad202,1962206a01ada5b0edbaa13f2a9841d83937c27e,ShotgunSurgery,0,2,2,0,0
889,"['Change Attribute Type', 'Change Variable Type', 'Extract Method', 'Change Variable Type']",okhttp,acccc681f4156695885486ab03e9502fd20ad202,1962206a01ada5b0edbaa13f2a9841d83937c27e,MessageChain,0,3,3,0,0
921,"['Rename Variable', 'Extract Method', 'Rename Variable', 'Rename Variable', 'Extract Method', 'Change Variable Type', 'Rename Variable', 'Change Variable Type', 'Extract Variable']",okhttp,09d83463a8ed0956174db85cd80b9464ee7420ae,b16c9f29a8e21c77368f9970db862ad8f7af9f5e,LongMethod,1,0,0,1,0
921,"['Rename Variable', 'Extract Method', 'Rename Variable', 'Rename Variable', 'Extract Method', 'Change Variable Type', 'Rename Variable', 'Change Variable Type', 'Extract Variable']",okhttp,09d83463a8ed0956174db85cd80b9464ee7420ae,b16c9f29a8e21c77368f9970db862ad8f7af9f5e,LongParameterList,1,1,0,0,1
921,"['Rename Variable', 'Extract Method', 'Rename Variable', 'Rename Variable', 'Extract Method', 'Change Variable Type', 'Rename Variable', 'Change Variable Type', 'Extract Variable']",okhttp,09d83463a8ed0956174db85cd80b9464ee7420ae,b16c9f29a8e21c77368f9970db862ad8f7af9f5e,FeatureEnvy,0,2,2,0,0
921,"['Rename Variable', 'Extract Method', 'Rename Variable', 'Rename Variable', 'Extract Method', 'Change Variable Type', 'Rename Variable', 'Change Variable Type', 'Extract Variable']",okhttp,09d83463a8ed0956174db85cd80b9464ee7420ae,b16c9f29a8e21c77368f9970db862ad8f7af9f5e,IntensiveCoupling,0,1,1,0,0
951,"['Move Class', 'Extract Method', 'Inline Variable', 'Extract Method', 'Inline Variable']",okhttp,6486179b9d9c888a818c85384eed88fa0a8768a6,e31b7377638b8d36be9b584e757814afc259748a,MessageChain,2,2,0,0,2
951,"['Move Class', 'Extract Method', 'Inline Variable', 'Extract Method', 'Inline Variable']",okhttp,6486179b9d9c888a818c85384eed88fa0a8768a6,e31b7377638b8d36be9b584e757814afc259748a,FeatureEnvy,3,4,1,0,3
951,"['Move Class', 'Extract Method', 'Inline Variable', 'Extract Method', 'Inline Variable']",okhttp,6486179b9d9c888a818c85384eed88fa0a8768a6,e31b7377638b8d36be9b584e757814afc259748a,IntensiveCoupling,2,1,0,1,1
951,"['Move Class', 'Extract Method', 'Inline Variable', 'Extract Method', 'Inline Variable']",okhttp,6486179b9d9c888a818c85384eed88fa0a8768a6,e31b7377638b8d36be9b584e757814afc259748a,LongMethod,1,0,0,1,0
951,"['Move Class', 'Extract Method', 'Inline Variable', 'Extract Method', 'Inline Variable']",okhttp,6486179b9d9c888a818c85384eed88fa0a8768a6,e31b7377638b8d36be9b584e757814afc259748a,LongParameterList,0,1,1,0,0
951,"['Move Class', 'Extract Method', 'Inline Variable', 'Extract Method', 'Inline Variable']",okhttp,6486179b9d9c888a818c85384eed88fa0a8768a6,e31b7377638b8d36be9b584e757814afc259748a,DispersedCoupling,0,1,1,0,0
997,"['Change Attribute Type', 'Extract Method']",okhttp,acccc681f4156695885486ab03e9502fd20ad202,5ddcdf54828b8543613d2a07da1139cc4c20ea72,LongParameterList,1,1,0,0,1
997,"['Change Attribute Type', 'Extract Method']",okhttp,acccc681f4156695885486ab03e9502fd20ad202,5ddcdf54828b8543613d2a07da1139cc4c20ea72,ShotgunSurgery,1,0,0,1,0
997,"['Change Attribute Type', 'Extract Method']",okhttp,acccc681f4156695885486ab03e9502fd20ad202,5ddcdf54828b8543613d2a07da1139cc4c20ea72,FeatureEnvy,1,0,0,1,0
1131,"['Move Method', 'Push Down Attribute', 'Push Down Method', 'Push Down Method', 'Push Down Method', 'Push Down Method', 'Push Down Method', 'Push Down Method', 'Push Down Method', 'Push Down Method', 'Push Down Attribute', 'Push Down Method', 'Move Method', 'Push Down Method', 'Push Down Method', 'Push Down Method', 'Push Down Method', 'Push Down Attribute', 'Extract Subclass', 'Move Class']",okhttp,ce76caedda03789463439f8f798528cd15db5a52,2581c36905db13dcd1df9a602c6201e3a9f80965,FeatureEnvy,1,0,0,1,0
1131,"['Move Method', 'Push Down Attribute', 'Push Down Method', 'Push Down Method', 'Push Down Method', 'Push Down Method', 'Push Down Method', 'Push Down Method', 'Push Down Method', 'Push Down Method', 'Push Down Attribute', 'Push Down Method', 'Move Method', 'Push Down Method', 'Push Down Method', 'Push Down Method', 'Push Down Method', 'Push Down Attribute', 'Extract Subclass', 'Move Class']",okhttp,ce76caedda03789463439f8f798528cd15db5a52,2581c36905db13dcd1df9a602c6201e3a9f80965,LongMethod,1,0,0,1,0
1131,"['Move Method', 'Push Down Attribute', 'Push Down Method', 'Push Down Method', 'Push Down Method', 'Push Down Method', 'Push Down Method', 'Push Down Method', 'Push Down Method', 'Push Down Method', 'Push Down Attribute', 'Push Down Method', 'Move Method', 'Push Down Method', 'Push Down Method', 'Push Down Method', 'Push Down Method', 'Push Down Attribute', 'Extract Subclass', 'Move Class']",okhttp,ce76caedda03789463439f8f798528cd15db5a52,2581c36905db13dcd1df9a602c6201e3a9f80965,FeatureEnvy,1,0,0,1,0
1131,"['Move Method', 'Push Down Attribute', 'Push Down Method', 'Push Down Method', 'Push Down Method', 'Push Down Method', 'Push Down Method', 'Push Down Method', 'Push Down Method', 'Push Down Method', 'Push Down Attribute', 'Push Down Method', 'Move Method', 'Push Down Method', 'Push Down Method', 'Push Down Method', 'Push Down Method', 'Push Down Attribute', 'Extract Subclass', 'Move Class']",okhttp,ce76caedda03789463439f8f798528cd15db5a52,2581c36905db13dcd1df9a602c6201e3a9f80965,LongMethod,1,0,0,1,0
1132,"['Move Method', 'Move Method', 'Move Method', 'Move Method', 'Push Down Method', 'Move Attribute', 'Push Down Method', 'Push Down Method', 'Push Down Method', 'Extract Subclass', 'Push Down Method', 'Extract Class', 'Push Down Method', 'Move Method', 'Move Attribute', 'Push Down Attribute', 'Push Down Method', 'Push Down Method', 'Move Method', 'Push Down Method', 'Push Down Method', 'Push Down Method', 'Push Down Method', 'Push Down Method', 'Push Down Method', 'Push Down Method', 'Move Class']",okhttp,545807ee8ddde7178dfb3a6085a281f44f288a24,2581c36905db13dcd1df9a602c6201e3a9f80965,LongParameterList,3,0,0,3,0
1132,"['Move Method', 'Move Method', 'Move Method', 'Move Method', 'Push Down Method', 'Move Attribute', 'Push Down Method', 'Push Down Method', 'Push Down Method', 'Extract Subclass', 'Push Down Method', 'Extract Class', 'Push Down Method', 'Move Method', 'Move Attribute', 'Push Down Attribute', 'Push Down Method', 'Push Down Method', 'Move Method', 'Push Down Method', 'Push Down Method', 'Push Down Method', 'Push Down Method', 'Push Down Method', 'Push Down Method', 'Push Down Method', 'Move Class']",okhttp,545807ee8ddde7178dfb3a6085a281f44f288a24,2581c36905db13dcd1df9a602c6201e3a9f80965,FeatureEnvy,1,0,0,1,0
1132,"['Move Method', 'Move Method', 'Move Method', 'Move Method', 'Push Down Method', 'Move Attribute', 'Push Down Method', 'Push Down Method', 'Push Down Method', 'Extract Subclass', 'Push Down Method', 'Extract Class', 'Push Down Method', 'Move Method', 'Move Attribute', 'Push Down Attribute', 'Push Down Method', 'Push Down Method', 'Move Method', 'Push Down Method', 'Push Down Method', 'Push Down Method', 'Push Down Method', 'Push Down Method', 'Push Down Method', 'Push Down Method', 'Move Class']",okhttp,545807ee8ddde7178dfb3a6085a281f44f288a24,2581c36905db13dcd1df9a602c6201e3a9f80965,LongMethod,2,0,0,2,0
1132,"['Move Method', 'Move Method', 'Move Method', 'Move Method', 'Push Down Method', 'Move Attribute', 'Push Down Method', 'Push Down Method', 'Push Down Method', 'Extract Subclass', 'Push Down Method', 'Extract Class', 'Push Down Method', 'Move Method', 'Move Attribute', 'Push Down Attribute', 'Push Down Method', 'Push Down Method', 'Move Method', 'Push Down Method', 'Push Down Method', 'Push Down Method', 'Push Down Method', 'Push Down Method', 'Push Down Method', 'Push Down Method', 'Move Class']",okhttp,545807ee8ddde7178dfb3a6085a281f44f288a24,2581c36905db13dcd1df9a602c6201e3a9f80965,LongParameterList,3,0,0,3,0
1132,"['Move Method', 'Move Method', 'Move Method', 'Move Method', 'Push Down Method', 'Move Attribute', 'Push Down Method', 'Push Down Method', 'Push Down Method', 'Extract Subclass', 'Push Down Method', 'Extract Class', 'Push Down Method', 'Move Method', 'Move Attribute', 'Push Down Attribute', 'Push Down Method', 'Push Down Method', 'Move Method', 'Push Down Method', 'Push Down Method', 'Push Down Method', 'Push Down Method', 'Push Down Method', 'Push Down Method', 'Push Down Method', 'Move Class']",okhttp,545807ee8ddde7178dfb3a6085a281f44f288a24,2581c36905db13dcd1df9a602c6201e3a9f80965,FeatureEnvy,1,0,0,1,0
1132,"['Move Method', 'Move Method', 'Move Method', 'Move Method', 'Push Down Method', 'Move Attribute', 'Push Down Method', 'Push Down Method', 'Push Down Method', 'Extract Subclass', 'Push Down Method', 'Extract Class', 'Push Down Method', 'Move Method', 'Move Attribute', 'Push Down Attribute', 'Push Down Method', 'Push Down Method', 'Move Method', 'Push Down Method', 'Push Down Method', 'Push Down Method', 'Push Down Method', 'Push Down Method', 'Push Down Method', 'Push Down Method', 'Move Class']",okhttp,545807ee8ddde7178dfb3a6085a281f44f288a24,2581c36905db13dcd1df9a602c6201e3a9f80965,LongMethod,2,0,0,2,0
1134,"['Move Method', 'Change Attribute Type', 'Move Class']",okhttp,1b25214f59eefa81d40a529fceb85666947937cd,2581c36905db13dcd1df9a602c6201e3a9f80965,LongMethod,3,1,0,2,1
1134,"['Move Method', 'Change Attribute Type', 'Move Class']",okhttp,1b25214f59eefa81d40a529fceb85666947937cd,2581c36905db13dcd1df9a602c6201e3a9f80965,FeatureEnvy,1,1,0,0,1
1134,"['Move Method', 'Change Attribute Type', 'Move Class']",okhttp,1b25214f59eefa81d40a529fceb85666947937cd,2581c36905db13dcd1df9a602c6201e3a9f80965,IntensiveCoupling,0,1,1,0,0
1135,"['Extract Method', 'Change Parameter Type', 'Change Attribute Type', 'Move Class']",okhttp,de6d505c03419a53e0387802a6cc2196572dd99e,2581c36905db13dcd1df9a602c6201e3a9f80965,LongMethod,1,0,0,1,0
1143,"['Move Method', 'Extract Class', 'Move Method', 'Move Method', 'Move Method', 'Move Method', 'Move Method', 'Move Method', 'Move Method', 'Move Method', 'Move Class']",okhttp,59b8adc74bdd9d890fb7fe7195e008e65b9005db,2581c36905db13dcd1df9a602c6201e3a9f80965,FeatureEnvy,33,5,0,28,5
1154,"['Push Down Attribute', 'Push Down Method', 'Push Down Method', 'Push Down Attribute', 'Push Down Method', 'Push Down Method', 'Push Down Method', 'Push Down Method', 'Push Down Method', 'Push Down Method', 'Push Down Method', 'Push Down Method', 'Push Down Method', 'Push Down Method', 'Push Down Method', 'Extract Subclass', 'Extract Class', 'Move Method', 'Move Attribute', 'Move Method', 'Move Attribute', 'Rename Attribute', 'Change Attribute Type', 'Change Attribute Type', 'Move Attribute', 'Change Parameter Type']",okhttp,e93511be3422b9da595e417b8b5f252a606c3975,a669069599893a774748181a238e0b009a4f3e87,LongMethod,1,0,0,1,0
1154,"['Push Down Attribute', 'Push Down Method', 'Push Down Method', 'Push Down Attribute', 'Push Down Method', 'Push Down Method', 'Push Down Method', 'Push Down Method', 'Push Down Method', 'Push Down Method', 'Push Down Method', 'Push Down Method', 'Push Down Method', 'Push Down Method', 'Push Down Method', 'Extract Subclass', 'Extract Class', 'Move Method', 'Move Attribute', 'Move Method', 'Move Attribute', 'Rename Attribute', 'Change Attribute Type', 'Change Attribute Type', 'Move Attribute', 'Change Parameter Type']",okhttp,e93511be3422b9da595e417b8b5f252a606c3975,a669069599893a774748181a238e0b009a4f3e87,IntensiveCoupling,1,0,0,1,0
1154,"['Push Down Attribute', 'Push Down Method', 'Push Down Method', 'Push Down Attribute', 'Push Down Method', 'Push Down Method', 'Push Down Method', 'Push Down Method', 'Push Down Method', 'Push Down Method', 'Push Down Method', 'Push Down Method', 'Push Down Method', 'Push Down Method', 'Push Down Method', 'Extract Subclass', 'Extract Class', 'Move Method', 'Move Attribute', 'Move Method', 'Move Attribute', 'Rename Attribute', 'Change Attribute Type', 'Change Attribute Type', 'Move Attribute', 'Change Parameter Type']",okhttp,e93511be3422b9da595e417b8b5f252a606c3975,a669069599893a774748181a238e0b009a4f3e87,MessageChain,1,0,0,1,0
1154,"['Push Down Attribute', 'Push Down Method', 'Push Down Method', 'Push Down Attribute', 'Push Down Method', 'Push Down Method', 'Push Down Method', 'Push Down Method', 'Push Down Method', 'Push Down Method', 'Push Down Method', 'Push Down Method', 'Push Down Method', 'Push Down Method', 'Push Down Method', 'Extract Subclass', 'Extract Class', 'Move Method', 'Move Attribute', 'Move Method', 'Move Attribute', 'Rename Attribute', 'Change Attribute Type', 'Change Attribute Type', 'Move Attribute', 'Change Parameter Type']",okhttp,e93511be3422b9da595e417b8b5f252a606c3975,a669069599893a774748181a238e0b009a4f3e87,LongParameterList,2,0,0,2,0
1228,"['Extract Method', 'Extract Method']",okhttp,13c06879f4e98c86436bdca765046ef815e34838,35ead0f5d17b0c53610b0947aa9bd8fee6da50fa,FeatureEnvy,3,2,0,1,2
1228,"['Extract Method', 'Extract Method']",okhttp,13c06879f4e98c86436bdca765046ef815e34838,35ead0f5d17b0c53610b0947aa9bd8fee6da50fa,LongMethod,1,0,0,1,0
1228,"['Extract Method', 'Extract Method']",okhttp,13c06879f4e98c86436bdca765046ef815e34838,35ead0f5d17b0c53610b0947aa9bd8fee6da50fa,IntensiveCoupling,1,1,0,0,1
1228,"['Extract Method', 'Extract Method']",okhttp,13c06879f4e98c86436bdca765046ef815e34838,35ead0f5d17b0c53610b0947aa9bd8fee6da50fa,FeatureEnvy,3,2,0,1,2
1228,"['Extract Method', 'Extract Method']",okhttp,13c06879f4e98c86436bdca765046ef815e34838,35ead0f5d17b0c53610b0947aa9bd8fee6da50fa,LongMethod,1,0,0,1,0
1228,"['Extract Method', 'Extract Method']",okhttp,13c06879f4e98c86436bdca765046ef815e34838,35ead0f5d17b0c53610b0947aa9bd8fee6da50fa,IntensiveCoupling,1,1,0,0,1
1253,"['Extract Method', 'Inline Variable']",okhttp,5516526004f35d78daa657664fc9d3a237b535a2,3108f7c233dda01f2f41bc199a65da70a95c1075,LongMethod,1,0,0,1,0
1253,"['Extract Method', 'Inline Variable']",okhttp,5516526004f35d78daa657664fc9d3a237b535a2,3108f7c233dda01f2f41bc199a65da70a95c1075,DispersedCoupling,1,0,0,1,0
1253,"['Extract Method', 'Inline Variable']",okhttp,5516526004f35d78daa657664fc9d3a237b535a2,3108f7c233dda01f2f41bc199a65da70a95c1075,FeatureEnvy,2,2,0,0,2
1343,"['Move Method', 'Extract Method']",okhttp,f1eacbff7ec5912d041184e1b35aa4e5468ea4ba,04d742bd3d6ce8ad24b21f2be2d6f3ea5f8a35a5,FeatureEnvy,3,2,0,1,2
1343,"['Move Method', 'Extract Method']",okhttp,f1eacbff7ec5912d041184e1b35aa4e5468ea4ba,04d742bd3d6ce8ad24b21f2be2d6f3ea5f8a35a5,LongParameterList,2,2,0,0,2
1343,"['Move Method', 'Extract Method']",okhttp,f1eacbff7ec5912d041184e1b35aa4e5468ea4ba,04d742bd3d6ce8ad24b21f2be2d6f3ea5f8a35a5,MessageChain,1,1,0,0,1
1346,"['Move Method', 'Move Method', 'Extract Method', 'Extract Method']",okhttp,f1eacbff7ec5912d041184e1b35aa4e5468ea4ba,3355d0c99bb946a6441f08fe6fd1c9881a9ea96a,MessageChain,4,4,0,0,4
1346,"['Move Method', 'Move Method', 'Extract Method', 'Extract Method']",okhttp,f1eacbff7ec5912d041184e1b35aa4e5468ea4ba,3355d0c99bb946a6441f08fe6fd1c9881a9ea96a,LongParameterList,1,3,2,0,1
1346,"['Move Method', 'Move Method', 'Extract Method', 'Extract Method']",okhttp,f1eacbff7ec5912d041184e1b35aa4e5468ea4ba,3355d0c99bb946a6441f08fe6fd1c9881a9ea96a,FeatureEnvy,1,3,2,0,1
1346,"['Move Method', 'Move Method', 'Extract Method', 'Extract Method']",okhttp,f1eacbff7ec5912d041184e1b35aa4e5468ea4ba,3355d0c99bb946a6441f08fe6fd1c9881a9ea96a,LongMethod,1,0,0,1,0
1346,"['Move Method', 'Move Method', 'Extract Method', 'Extract Method']",okhttp,f1eacbff7ec5912d041184e1b35aa4e5468ea4ba,3355d0c99bb946a6441f08fe6fd1c9881a9ea96a,IntensiveCoupling,1,1,0,0,1
