Class,Number of Refactorings,Refactoring ID,Refactoring Type,Commit
com.facebook.presto.sql.planner.sanity.ValidateDependenciesChecker,3,presto_2480,Move Method,27c35db739b0146b2a5e96314d1165517a10a256
com.facebook.presto.sql.planner.sanity.ValidateDependenciesChecker.Visitor,123,presto_2480,Move Method,27c35db739b0146b2a5e96314d1165517a10a256
com.facebook.presto.metadata.TestFunctionManager,19,presto_1190,Rename Method,5149d92be7295862532a7e4dc2db38641294e94e
com.facebook.presto.metadata.TestFunctionManager,19,presto_1197,Change Variable Type,5149d92be7295862532a7e4dc2db38641294e94e
com.facebook.presto.metadata.TestFunctionManager,19,presto_1201,Change Variable Type,5149d92be7295862532a7e4dc2db38641294e94e
com.facebook.presto.metadata.TestFunctionManager,19,presto_1198,Rename Variable,5149d92be7295862532a7e4dc2db38641294e94e
com.facebook.presto.metadata.TestFunctionManager,19,presto_1195,Change Variable Type,5149d92be7295862532a7e4dc2db38641294e94e
com.facebook.presto.metadata.TestFunctionManager,19,presto_1194,Rename Variable,5149d92be7295862532a7e4dc2db38641294e94e
com.facebook.presto.metadata.TestFunctionManager,19,presto_1202,Rename Variable,5149d92be7295862532a7e4dc2db38641294e94e
com.facebook.presto.metadata.TestFunctionManager,19,presto_1188,Rename Class,5149d92be7295862532a7e4dc2db38641294e94e
com.facebook.presto.metadata.TestFunctionManager,19,presto_1192,Rename Variable,5149d92be7295862532a7e4dc2db38641294e94e
com.facebook.presto.metadata.TestFunctionManager,19,presto_1199,Change Variable Type,5149d92be7295862532a7e4dc2db38641294e94e
com.facebook.presto.metadata.TestFunctionManager,19,presto_1189,Change Return Type,5149d92be7295862532a7e4dc2db38641294e94e
com.facebook.presto.metadata.TestFunctionManager,19,presto_1200,Rename Variable,5149d92be7295862532a7e4dc2db38641294e94e
com.facebook.presto.metadata.TestFunctionManager,19,presto_1196,Rename Variable,5149d92be7295862532a7e4dc2db38641294e94e
com.facebook.presto.metadata.TestFunctionManager,19,presto_1193,Change Variable Type,5149d92be7295862532a7e4dc2db38641294e94e
com.facebook.presto.metadata.TestFunctionManager,19,presto_1191,Change Variable Type,5149d92be7295862532a7e4dc2db38641294e94e
com.facebook.presto.metadata.TestStaticFunctionNamespaceManager,9,presto_1188,Rename Class,5149d92be7295862532a7e4dc2db38641294e94e
com.facebook.presto.metadata.StaticFunctionNamespaceManager,26,presto_1203,Move Method,5149d92be7295862532a7e4dc2db38641294e94e
com.facebook.presto.metadata.StaticFunctionNamespaceManager,26,presto_1205,Move Method,5149d92be7295862532a7e4dc2db38641294e94e
com.facebook.presto.metadata.StaticFunctionNamespaceManager,26,presto_1217,Move Method,5149d92be7295862532a7e4dc2db38641294e94e
com.facebook.presto.metadata.StaticFunctionNamespaceManager,26,presto_1210,Move Method,5149d92be7295862532a7e4dc2db38641294e94e
com.facebook.presto.metadata.StaticFunctionNamespaceManager,26,presto_1211,Move Method,5149d92be7295862532a7e4dc2db38641294e94e
com.facebook.presto.metadata.StaticFunctionNamespaceManager,26,presto_1209,Move Method,5149d92be7295862532a7e4dc2db38641294e94e
com.facebook.presto.metadata.StaticFunctionNamespaceManager,26,presto_1213,Move Method,5149d92be7295862532a7e4dc2db38641294e94e
com.facebook.presto.metadata.StaticFunctionNamespaceManager,26,presto_1208,Move Method,5149d92be7295862532a7e4dc2db38641294e94e
com.facebook.presto.metadata.StaticFunctionNamespaceManager,26,presto_1206,Move Method,5149d92be7295862532a7e4dc2db38641294e94e
com.facebook.presto.metadata.StaticFunctionNamespaceManager,26,presto_1212,Move Method,5149d92be7295862532a7e4dc2db38641294e94e
com.facebook.presto.metadata.StaticFunctionNamespaceManager,26,presto_1218,Move Method,5149d92be7295862532a7e4dc2db38641294e94e
com.facebook.presto.metadata.StaticFunctionNamespaceManager,26,presto_1204,Move Method,5149d92be7295862532a7e4dc2db38641294e94e
com.facebook.presto.metadata.StaticFunctionNamespaceManager,26,presto_1207,Move Method,5149d92be7295862532a7e4dc2db38641294e94e
com.facebook.presto.metadata.StaticFunctionNamespaceManager,26,presto_1215,Move Method,5149d92be7295862532a7e4dc2db38641294e94e
com.facebook.presto.metadata.StaticFunctionNamespaceManager,26,presto_1214,Move Method,5149d92be7295862532a7e4dc2db38641294e94e
com.facebook.presto.metadata.StaticFunctionNamespaceManager,26,presto_1216,Move Method,5149d92be7295862532a7e4dc2db38641294e94e
com.facebook.presto.metadata.FunctionManager,91,presto_1203,Move Method,5149d92be7295862532a7e4dc2db38641294e94e
com.facebook.presto.metadata.FunctionManager,91,presto_1210,Move Method,5149d92be7295862532a7e4dc2db38641294e94e
com.facebook.presto.metadata.FunctionManager,91,presto_1209,Move Method,5149d92be7295862532a7e4dc2db38641294e94e
com.facebook.presto.metadata.FunctionManager,91,presto_1213,Move Method,5149d92be7295862532a7e4dc2db38641294e94e
com.facebook.presto.metadata.FunctionManager,91,presto_1206,Move Method,5149d92be7295862532a7e4dc2db38641294e94e
com.facebook.presto.metadata.FunctionManager,91,presto_1218,Move Method,5149d92be7295862532a7e4dc2db38641294e94e
com.facebook.presto.metadata.FunctionManager,91,presto_1215,Move Method,5149d92be7295862532a7e4dc2db38641294e94e
com.facebook.presto.metadata.FunctionManager,91,presto_1214,Move Method,5149d92be7295862532a7e4dc2db38641294e94e
com.facebook.presto.metadata.FunctionManager,91,presto_1216,Move Method,5149d92be7295862532a7e4dc2db38641294e94e
com.facebook.presto.metadata.FunctionManager,91,presto_1205,Move Method,5149d92be7295862532a7e4dc2db38641294e94e
com.facebook.presto.metadata.FunctionManager,91,presto_1217,Move Method,5149d92be7295862532a7e4dc2db38641294e94e
com.facebook.presto.metadata.FunctionManager,91,presto_1211,Move Method,5149d92be7295862532a7e4dc2db38641294e94e
com.facebook.presto.metadata.FunctionManager,91,presto_1208,Move Method,5149d92be7295862532a7e4dc2db38641294e94e
com.facebook.presto.metadata.FunctionManager,91,presto_1212,Move Method,5149d92be7295862532a7e4dc2db38641294e94e
com.facebook.presto.metadata.FunctionManager,91,presto_1204,Move Method,5149d92be7295862532a7e4dc2db38641294e94e
com.facebook.presto.metadata.FunctionManager,91,presto_1207,Move Method,5149d92be7295862532a7e4dc2db38641294e94e
com.facebook.presto.metadata.StaticFunctionNamespaceManager.ApplicableFunction,1,presto_1187,Move Class,5149d92be7295862532a7e4dc2db38641294e94e
com.facebook.presto.metadata.FunctionManager.ApplicableFunction,3,presto_1187,Move Class,5149d92be7295862532a7e4dc2db38641294e94e
com.facebook.presto.metadata.BuiltInFunctionNamespaceManager,24,presto_63,Change Attribute Type,dd7f571d2d27c049384c14d72fdf3cbdef346c0d
com.facebook.presto.metadata.FunctionManager,91,presto_67,Change Parameter Type,dd7f571d2d27c049384c14d72fdf3cbdef346c0d
com.facebook.presto.metadata.FunctionManager,91,presto_73,Change Variable Type,dd7f571d2d27c049384c14d72fdf3cbdef346c0d
com.facebook.presto.metadata.FunctionManager,91,presto_68,Extract Method,dd7f571d2d27c049384c14d72fdf3cbdef346c0d
com.facebook.presto.metadata.FunctionManager,91,presto_69,Rename Variable,dd7f571d2d27c049384c14d72fdf3cbdef346c0d
com.facebook.presto.metadata.FunctionManager,91,presto_71,Change Variable Type,dd7f571d2d27c049384c14d72fdf3cbdef346c0d
com.facebook.presto.metadata.FunctionManager,91,presto_75,Rename Variable,dd7f571d2d27c049384c14d72fdf3cbdef346c0d
com.facebook.presto.metadata.FunctionManager,91,presto_74,Rename Variable,dd7f571d2d27c049384c14d72fdf3cbdef346c0d
com.facebook.presto.metadata.FunctionManager,91,presto_76,Parameterize Variable,dd7f571d2d27c049384c14d72fdf3cbdef346c0d
com.facebook.presto.metadata.FunctionManager,91,presto_66,Rename Parameter,dd7f571d2d27c049384c14d72fdf3cbdef346c0d
com.facebook.presto.metadata.FunctionManager,91,presto_70,Extract Variable,dd7f571d2d27c049384c14d72fdf3cbdef346c0d
com.facebook.presto.metadata.FunctionManager,91,presto_65,Change Attribute Type,dd7f571d2d27c049384c14d72fdf3cbdef346c0d
com.facebook.presto.metadata.FunctionManager,91,presto_72,Change Variable Type,dd7f571d2d27c049384c14d72fdf3cbdef346c0d
com.facebook.presto.metadata.FunctionManager,91,presto_64,Rename Parameter,dd7f571d2d27c049384c14d72fdf3cbdef346c0d
com.facebook.presto.spi.function.QualifiedFunctionName,6,presto_79,Rename Parameter,dd7f571d2d27c049384c14d72fdf3cbdef346c0d
com.facebook.presto.sqlfunction.SqlInvokedRegularFunctionHandle,5,presto_80,Change Return Type,dd7f571d2d27c049384c14d72fdf3cbdef346c0d
com.facebook.presto.spi.function.FunctionHandle,10,presto_78,Change Return Type,dd7f571d2d27c049384c14d72fdf3cbdef346c0d
com.facebook.presto.sql.planner.TestRowExpressionVariableInliner.TestFunctionHandle,2,presto_77,Change Return Type,dd7f571d2d27c049384c14d72fdf3cbdef346c0d
com.facebook.presto.metadata.BuiltInFunctionHandle,4,presto_62,Change Return Type,dd7f571d2d27c049384c14d72fdf3cbdef346c0d
com.facebook.presto.metadata.FunctionManager,91,presto_1174,Extract Method,3379b4f4979bb482bd185774207ed31fcde2da3d
com.facebook.presto.metadata.FunctionManager,91,presto_597,Extract Method,2376361ed289157843fd8c20a24832a29be15013
com.facebook.presto.sql.planner.iterative.rule.test.PlanBuilder,84,presto_2485,Extract Method,4705a17147b325f4933066652403009bf80e0e70
com.facebook.presto.sql.planner.PlanOptimizers,5,presto_2486,Move Attribute,4705a17147b325f4933066652403009bf80e0e70
"te connectorOptimizers : Map<ConnectorId,Set<ConnectorPlanOptimizer>> from class com.facebook.presto.sql.planner.optimizations.ApplyConnectorOptimization",1,presto_2486,Move Attribute,4705a17147b325f4933066652403009bf80e0e70
com.facebook.presto.sql.planner.plan.IndexSourceNode,15,presto_3553,Change Parameter Type,d8b8a0d733be4c64e3afa73c17ee05d1ccb7dd42
com.facebook.presto.sql.planner.plan.IndexSourceNode,15,presto_3555,Rename Attribute,d8b8a0d733be4c64e3afa73c17ee05d1ccb7dd42
com.facebook.presto.sql.planner.plan.IndexSourceNode,15,presto_3552,Rename Parameter,d8b8a0d733be4c64e3afa73c17ee05d1ccb7dd42
com.facebook.presto.sql.planner.plan.IndexSourceNode,15,presto_3556,Change Attribute Type,d8b8a0d733be4c64e3afa73c17ee05d1ccb7dd42
com.facebook.presto.sql.planner.plan.IndexSourceNode,15,presto_3554,Extract Method,d8b8a0d733be4c64e3afa73c17ee05d1ccb7dd42
com.facebook.presto.sql.planner.iterative.rule.test.PlanBuilder,84,presto_3631,Change Parameter Type,d8b8a0d733be4c64e3afa73c17ee05d1ccb7dd42
com.facebook.presto.sql.planner.iterative.rule.test.PlanBuilder,84,presto_3635,Change Parameter Type,d8b8a0d733be4c64e3afa73c17ee05d1ccb7dd42
com.facebook.presto.sql.planner.iterative.rule.test.PlanBuilder,84,presto_3626,Rename Parameter,d8b8a0d733be4c64e3afa73c17ee05d1ccb7dd42
com.facebook.presto.sql.planner.iterative.rule.test.PlanBuilder,84,presto_3630,Rename Parameter,d8b8a0d733be4c64e3afa73c17ee05d1ccb7dd42
com.facebook.presto.sql.planner.iterative.rule.test.PlanBuilder,84,presto_3627,Change Parameter Type,d8b8a0d733be4c64e3afa73c17ee05d1ccb7dd42
com.facebook.presto.sql.planner.iterative.rule.test.PlanBuilder,84,presto_3633,Change Parameter Type,d8b8a0d733be4c64e3afa73c17ee05d1ccb7dd42
com.facebook.presto.sql.planner.iterative.rule.test.PlanBuilder,84,presto_3629,Change Parameter Type,d8b8a0d733be4c64e3afa73c17ee05d1ccb7dd42
com.facebook.presto.sql.planner.iterative.rule.test.PlanBuilder,84,presto_3632,Rename Parameter,d8b8a0d733be4c64e3afa73c17ee05d1ccb7dd42
com.facebook.presto.sql.planner.iterative.rule.test.PlanBuilder,84,presto_3636,Inline Method,d8b8a0d733be4c64e3afa73c17ee05d1ccb7dd42
com.facebook.presto.sql.planner.iterative.rule.test.PlanBuilder,84,presto_3628,Rename Parameter,d8b8a0d733be4c64e3afa73c17ee05d1ccb7dd42
com.facebook.presto.sql.planner.iterative.rule.test.PlanBuilder,84,presto_3634,Rename Parameter,d8b8a0d733be4c64e3afa73c17ee05d1ccb7dd42
com.facebook.presto.sql.planner.iterative.rule.ExtractSpatialJoins,50,presto_3503,Change Parameter Type,d8b8a0d733be4c64e3afa73c17ee05d1ccb7dd42
com.facebook.presto.sql.planner.iterative.rule.ExtractSpatialJoins,50,presto_3504,Rename Parameter,d8b8a0d733be4c64e3afa73c17ee05d1ccb7dd42
com.facebook.presto.sql.planner.iterative.rule.ExtractSpatialJoins,50,presto_3505,Change Parameter Type,d8b8a0d733be4c64e3afa73c17ee05d1ccb7dd42
com.facebook.presto.sql.planner.iterative.rule.ExtractSpatialJoins,50,presto_3502,Rename Parameter,d8b8a0d733be4c64e3afa73c17ee05d1ccb7dd42
com.facebook.presto.sql.planner.iterative.GroupReference,3,presto_3500,Change Attribute Type,d8b8a0d733be4c64e3afa73c17ee05d1ccb7dd42
com.facebook.presto.sql.planner.iterative.GroupReference,3,presto_3501,Change Parameter Type,d8b8a0d733be4c64e3afa73c17ee05d1ccb7dd42
com.facebook.presto.sql.planner.optimizations.HashGenerationOptimizer.Rewriter,85,presto_3544,Rename Variable,d8b8a0d733be4c64e3afa73c17ee05d1ccb7dd42
com.facebook.presto.sql.planner.optimizations.HashGenerationOptimizer.Rewriter,85,presto_3545,Rename Variable,d8b8a0d733be4c64e3afa73c17ee05d1ccb7dd42
com.facebook.presto.sql.planner.optimizations.HashGenerationOptimizer.Rewriter,85,presto_3543,Change Variable Type,d8b8a0d733be4c64e3afa73c17ee05d1ccb7dd42
com.facebook.presto.sql.planner.iterative.rule.ReorderJoins.MultiJoinNode,8,presto_3531,Rename Method,d8b8a0d733be4c64e3afa73c17ee05d1ccb7dd42
com.facebook.presto.sql.planner.iterative.rule.ReorderJoins.MultiJoinNode,8,presto_3533,Rename Variable,d8b8a0d733be4c64e3afa73c17ee05d1ccb7dd42
com.facebook.presto.sql.planner.iterative.rule.ReorderJoins.MultiJoinNode,8,presto_3534,Rename Attribute,d8b8a0d733be4c64e3afa73c17ee05d1ccb7dd42
com.facebook.presto.sql.planner.iterative.rule.ReorderJoins.MultiJoinNode,8,presto_3530,Change Return Type,d8b8a0d733be4c64e3afa73c17ee05d1ccb7dd42
com.facebook.presto.sql.planner.iterative.rule.ReorderJoins.MultiJoinNode,8,presto_3532,Change Variable Type,d8b8a0d733be4c64e3afa73c17ee05d1ccb7dd42
com.facebook.presto.sql.planner.iterative.rule.ReorderJoins.MultiJoinNode,8,presto_3535,Change Attribute Type,d8b8a0d733be4c64e3afa73c17ee05d1ccb7dd42
com.facebook.presto.sql.planner.iterative.rule.ReorderJoins.MultiJoinNode,8,presto_3528,Rename Parameter,d8b8a0d733be4c64e3afa73c17ee05d1ccb7dd42
com.facebook.presto.sql.planner.iterative.rule.ReorderJoins.MultiJoinNode,8,presto_3529,Change Parameter Type,d8b8a0d733be4c64e3afa73c17ee05d1ccb7dd42
com.facebook.presto.sql.planner.iterative.rule.PruneIndexSourceColumns,6,presto_3508,Change Variable Type,d8b8a0d733be4c64e3afa73c17ee05d1ccb7dd42
com.facebook.presto.sql.planner.plan.JoinNode,31,presto_3562,Rename Method,d8b8a0d733be4c64e3afa73c17ee05d1ccb7dd42
com.facebook.presto.sql.planner.plan.JoinNode,31,presto_3563,Extract Method,d8b8a0d733be4c64e3afa73c17ee05d1ccb7dd42
com.facebook.presto.sql.planner.plan.JoinNode,31,presto_3558,Change Parameter Type,d8b8a0d733be4c64e3afa73c17ee05d1ccb7dd42
com.facebook.presto.sql.planner.plan.JoinNode,31,presto_3561,Change Parameter Type,d8b8a0d733be4c64e3afa73c17ee05d1ccb7dd42
com.facebook.presto.sql.planner.plan.JoinNode,31,presto_3565,Rename Variable,d8b8a0d733be4c64e3afa73c17ee05d1ccb7dd42
com.facebook.presto.sql.planner.plan.JoinNode,31,presto_3567,Change Variable Type,d8b8a0d733be4c64e3afa73c17ee05d1ccb7dd42
com.facebook.presto.sql.planner.plan.JoinNode,31,presto_3569,Rename Variable,d8b8a0d733be4c64e3afa73c17ee05d1ccb7dd42
com.facebook.presto.sql.planner.plan.JoinNode,31,presto_3560,Rename Parameter,d8b8a0d733be4c64e3afa73c17ee05d1ccb7dd42
com.facebook.presto.sql.planner.plan.JoinNode,31,presto_3566,Change Variable Type,d8b8a0d733be4c64e3afa73c17ee05d1ccb7dd42
com.facebook.presto.sql.planner.plan.JoinNode,31,presto_3568,Rename Variable,d8b8a0d733be4c64e3afa73c17ee05d1ccb7dd42
com.facebook.presto.sql.planner.plan.JoinNode,31,presto_3570,Rename Attribute,d8b8a0d733be4c64e3afa73c17ee05d1ccb7dd42
com.facebook.presto.sql.planner.plan.JoinNode,31,presto_3559,Change Return Type,d8b8a0d733be4c64e3afa73c17ee05d1ccb7dd42
com.facebook.presto.sql.planner.plan.JoinNode,31,presto_3571,Change Attribute Type,d8b8a0d733be4c64e3afa73c17ee05d1ccb7dd42
com.facebook.presto.sql.planner.plan.JoinNode,31,presto_3557,Rename Parameter,d8b8a0d733be4c64e3afa73c17ee05d1ccb7dd42
com.facebook.presto.sql.planner.plan.JoinNode,31,presto_3564,Change Variable Type,d8b8a0d733be4c64e3afa73c17ee05d1ccb7dd42
com.facebook.presto.sql.planner.iterative.rule.ReorderJoins.JoinEnumerator,23,presto_3524,Rename Variable,d8b8a0d733be4c64e3afa73c17ee05d1ccb7dd42
com.facebook.presto.sql.planner.iterative.rule.ReorderJoins.JoinEnumerator,23,presto_3527,Inline Variable,d8b8a0d733be4c64e3afa73c17ee05d1ccb7dd42
com.facebook.presto.sql.planner.iterative.rule.ReorderJoins.JoinEnumerator,23,presto_3510,Change Parameter Type,d8b8a0d733be4c64e3afa73c17ee05d1ccb7dd42
com.facebook.presto.sql.planner.iterative.rule.ReorderJoins.JoinEnumerator,23,presto_3526,Rename Variable,d8b8a0d733be4c64e3afa73c17ee05d1ccb7dd42
com.facebook.presto.sql.planner.iterative.rule.ReorderJoins.JoinEnumerator,23,presto_3516,Change Parameter Type,d8b8a0d733be4c64e3afa73c17ee05d1ccb7dd42
com.facebook.presto.sql.planner.iterative.rule.ReorderJoins.JoinEnumerator,23,presto_3514,Change Parameter Type,d8b8a0d733be4c64e3afa73c17ee05d1ccb7dd42
com.facebook.presto.sql.planner.iterative.rule.ReorderJoins.JoinEnumerator,23,presto_3522,Change Variable Type,d8b8a0d733be4c64e3afa73c17ee05d1ccb7dd42
com.facebook.presto.sql.planner.iterative.rule.ReorderJoins.JoinEnumerator,23,presto_3525,Rename Variable,d8b8a0d733be4c64e3afa73c17ee05d1ccb7dd42
com.facebook.presto.sql.planner.iterative.rule.ReorderJoins.JoinEnumerator,23,presto_3511,Rename Parameter,d8b8a0d733be4c64e3afa73c17ee05d1ccb7dd42
com.facebook.presto.sql.planner.iterative.rule.ReorderJoins.JoinEnumerator,23,presto_3519,Change Variable Type,d8b8a0d733be4c64e3afa73c17ee05d1ccb7dd42
com.facebook.presto.sql.planner.iterative.rule.ReorderJoins.JoinEnumerator,23,presto_3509,Rename Parameter,d8b8a0d733be4c64e3afa73c17ee05d1ccb7dd42
com.facebook.presto.sql.planner.iterative.rule.ReorderJoins.JoinEnumerator,23,presto_3515,Rename Parameter,d8b8a0d733be4c64e3afa73c17ee05d1ccb7dd42
com.facebook.presto.sql.planner.iterative.rule.ReorderJoins.JoinEnumerator,23,presto_3518,Change Parameter Type,d8b8a0d733be4c64e3afa73c17ee05d1ccb7dd42
com.facebook.presto.sql.planner.iterative.rule.ReorderJoins.JoinEnumerator,23,presto_3512,Change Parameter Type,d8b8a0d733be4c64e3afa73c17ee05d1ccb7dd42
com.facebook.presto.sql.planner.iterative.rule.ReorderJoins.JoinEnumerator,23,presto_3513,Rename Parameter,d8b8a0d733be4c64e3afa73c17ee05d1ccb7dd42
com.facebook.presto.sql.planner.iterative.rule.ReorderJoins.JoinEnumerator,23,presto_3520,Change Variable Type,d8b8a0d733be4c64e3afa73c17ee05d1ccb7dd42
com.facebook.presto.sql.planner.iterative.rule.ReorderJoins.JoinEnumerator,23,presto_3521,Change Variable Type,d8b8a0d733be4c64e3afa73c17ee05d1ccb7dd42
com.facebook.presto.sql.planner.iterative.rule.ReorderJoins.JoinEnumerator,23,presto_3517,Rename Parameter,d8b8a0d733be4c64e3afa73c17ee05d1ccb7dd42
com.facebook.presto.sql.planner.iterative.rule.ReorderJoins.JoinEnumerator,23,presto_3523,Rename Variable,d8b8a0d733be4c64e3afa73c17ee05d1ccb7dd42
com.facebook.presto.sql.planner.iterative.rule.TestPruneIndexSourceColumns,4,presto_3611,Change Variable Type,d8b8a0d733be4c64e3afa73c17ee05d1ccb7dd42
com.facebook.presto.sql.planner.iterative.rule.TestPruneIndexSourceColumns,4,presto_3612,Change Variable Type,d8b8a0d733be4c64e3afa73c17ee05d1ccb7dd42
com.facebook.presto.sql.planner.iterative.rule.TestPruneIndexSourceColumns,4,presto_3613,Change Variable Type,d8b8a0d733be4c64e3afa73c17ee05d1ccb7dd42
com.facebook.presto.sql.planner.iterative.rule.TestPruneJoinChildrenColumns,10,presto_3620,Change Variable Type,d8b8a0d733be4c64e3afa73c17ee05d1ccb7dd42
com.facebook.presto.sql.planner.iterative.rule.TestPruneJoinChildrenColumns,10,presto_3622,Change Variable Type,d8b8a0d733be4c64e3afa73c17ee05d1ccb7dd42
com.facebook.presto.sql.planner.iterative.rule.TestPruneJoinChildrenColumns,10,presto_3618,Change Variable Type,d8b8a0d733be4c64e3afa73c17ee05d1ccb7dd42
com.facebook.presto.sql.planner.iterative.rule.TestPruneJoinChildrenColumns,10,presto_3615,Change Variable Type,d8b8a0d733be4c64e3afa73c17ee05d1ccb7dd42
com.facebook.presto.sql.planner.iterative.rule.TestPruneJoinChildrenColumns,10,presto_3619,Change Variable Type,d8b8a0d733be4c64e3afa73c17ee05d1ccb7dd42
com.facebook.presto.sql.planner.iterative.rule.TestPruneJoinChildrenColumns,10,presto_3621,Change Variable Type,d8b8a0d733be4c64e3afa73c17ee05d1ccb7dd42
com.facebook.presto.sql.planner.iterative.rule.TestPruneJoinChildrenColumns,10,presto_3616,Change Variable Type,d8b8a0d733be4c64e3afa73c17ee05d1ccb7dd42
com.facebook.presto.sql.planner.iterative.rule.TestPruneJoinChildrenColumns,10,presto_3617,Change Variable Type,d8b8a0d733be4c64e3afa73c17ee05d1ccb7dd42
com.facebook.presto.sql.planner.iterative.rule.TestPruneJoinChildrenColumns,10,presto_3614,Change Parameter Type,d8b8a0d733be4c64e3afa73c17ee05d1ccb7dd42
com.facebook.presto.sql.planner.iterative.rule.TestPruneJoinChildrenColumns,10,presto_3623,Change Variable Type,d8b8a0d733be4c64e3afa73c17ee05d1ccb7dd42
com.facebook.presto.sql.planner.iterative.rule.ReorderJoins.MultiJoinNode.JoinNodeFlattener,2,presto_3536,Rename Attribute,d8b8a0d733be4c64e3afa73c17ee05d1ccb7dd42
com.facebook.presto.sql.planner.iterative.rule.ReorderJoins.MultiJoinNode.JoinNodeFlattener,2,presto_3537,Change Attribute Type,d8b8a0d733be4c64e3afa73c17ee05d1ccb7dd42
com.facebook.presto.sql.planner.iterative.rule.TestPruneJoinColumns,8,presto_3625,Change Variable Type,d8b8a0d733be4c64e3afa73c17ee05d1ccb7dd42
com.facebook.presto.sql.planner.iterative.rule.TestPruneJoinColumns,8,presto_3624,Change Variable Type,d8b8a0d733be4c64e3afa73c17ee05d1ccb7dd42
com.facebook.presto.sql.planner.optimizations.PruneUnreferencedOutputs.Rewriter,139,presto_3549,Rename Variable,d8b8a0d733be4c64e3afa73c17ee05d1ccb7dd42
com.facebook.presto.sql.planner.optimizations.PruneUnreferencedOutputs.Rewriter,139,presto_3548,Change Variable Type,d8b8a0d733be4c64e3afa73c17ee05d1ccb7dd42
com.facebook.presto.sql.planner.optimizations.PruneUnreferencedOutputs.Rewriter,139,presto_3551,Rename Variable,d8b8a0d733be4c64e3afa73c17ee05d1ccb7dd42
com.facebook.presto.sql.planner.optimizations.PruneUnreferencedOutputs.Rewriter,139,presto_3546,Change Variable Type,d8b8a0d733be4c64e3afa73c17ee05d1ccb7dd42
com.facebook.presto.sql.planner.optimizations.PruneUnreferencedOutputs.Rewriter,139,presto_3547,Rename Variable,d8b8a0d733be4c64e3afa73c17ee05d1ccb7dd42
com.facebook.presto.sql.planner.optimizations.PruneUnreferencedOutputs.Rewriter,139,presto_3550,Change Variable Type,d8b8a0d733be4c64e3afa73c17ee05d1ccb7dd42
com.facebook.presto.sql.planner.iterative.TestMemo.GenericNode,1,presto_3637,Push Down Method,d8b8a0d733be4c64e3afa73c17ee05d1ccb7dd42
com.facebook.presto.sql.planner.plan.TableWriterNode,18,presto_3579,Extract Method,d8b8a0d733be4c64e3afa73c17ee05d1ccb7dd42
com.facebook.presto.sql.planner.plan.TableWriterNode,18,presto_3578,Change Attribute Type,d8b8a0d733be4c64e3afa73c17ee05d1ccb7dd42
com.facebook.presto.sql.planner.iterative.rule.TestJoinEnumerator,4,presto_3581,Change Variable Type,d8b8a0d733be4c64e3afa73c17ee05d1ccb7dd42
com.facebook.presto.sql.planner.iterative.rule.TestJoinEnumerator,4,presto_3580,Change Variable Type,d8b8a0d733be4c64e3afa73c17ee05d1ccb7dd42
com.facebook.presto.sql.planner.iterative.rule.PruneCrossJoinColumns,5,presto_3507,Rename Variable,d8b8a0d733be4c64e3afa73c17ee05d1ccb7dd42
com.facebook.presto.sql.planner.iterative.rule.PruneCrossJoinColumns,5,presto_3506,Change Variable Type,d8b8a0d733be4c64e3afa73c17ee05d1ccb7dd42
com.facebook.presto.sql.planner.plan.PlanNode,2,presto_3637,Push Down Method,d8b8a0d733be4c64e3afa73c17ee05d1ccb7dd42
com.facebook.presto.sql.planner.iterative.rule.ReorderJoins.MultiJoinNode.Builder,5,presto_3538,Rename Parameter,d8b8a0d733be4c64e3afa73c17ee05d1ccb7dd42
com.facebook.presto.sql.planner.iterative.rule.ReorderJoins.MultiJoinNode.Builder,5,presto_3540,Rename Method,d8b8a0d733be4c64e3afa73c17ee05d1ccb7dd42
com.facebook.presto.sql.planner.iterative.rule.ReorderJoins.MultiJoinNode.Builder,5,presto_3542,Change Attribute Type,d8b8a0d733be4c64e3afa73c17ee05d1ccb7dd42
com.facebook.presto.sql.planner.iterative.rule.ReorderJoins.MultiJoinNode.Builder,5,presto_3541,Rename Attribute,d8b8a0d733be4c64e3afa73c17ee05d1ccb7dd42
com.facebook.presto.sql.planner.iterative.rule.ReorderJoins.MultiJoinNode.Builder,5,presto_3539,Change Parameter Type,d8b8a0d733be4c64e3afa73c17ee05d1ccb7dd42
com.facebook.presto.sql.planner.iterative.rule.TestJoinNodeFlattener,29,presto_3599,Change Variable Type,d8b8a0d733be4c64e3afa73c17ee05d1ccb7dd42
com.facebook.presto.sql.planner.iterative.rule.TestJoinNodeFlattener,29,presto_3585,Change Variable Type,d8b8a0d733be4c64e3afa73c17ee05d1ccb7dd42
com.facebook.presto.sql.planner.iterative.rule.TestJoinNodeFlattener,29,presto_3593,Change Variable Type,d8b8a0d733be4c64e3afa73c17ee05d1ccb7dd42
com.facebook.presto.sql.planner.iterative.rule.TestJoinNodeFlattener,29,presto_3589,Change Variable Type,d8b8a0d733be4c64e3afa73c17ee05d1ccb7dd42
com.facebook.presto.sql.planner.iterative.rule.TestJoinNodeFlattener,29,presto_3597,Change Variable Type,d8b8a0d733be4c64e3afa73c17ee05d1ccb7dd42
com.facebook.presto.sql.planner.iterative.rule.TestJoinNodeFlattener,29,presto_3583,Change Variable Type,d8b8a0d733be4c64e3afa73c17ee05d1ccb7dd42
com.facebook.presto.sql.planner.iterative.rule.TestJoinNodeFlattener,29,presto_3606,Change Variable Type,d8b8a0d733be4c64e3afa73c17ee05d1ccb7dd42
com.facebook.presto.sql.planner.iterative.rule.TestJoinNodeFlattener,29,presto_3582,Change Variable Type,d8b8a0d733be4c64e3afa73c17ee05d1ccb7dd42
com.facebook.presto.sql.planner.iterative.rule.TestJoinNodeFlattener,29,presto_3598,Change Variable Type,d8b8a0d733be4c64e3afa73c17ee05d1ccb7dd42
com.facebook.presto.sql.planner.iterative.rule.TestJoinNodeFlattener,29,presto_3600,Change Variable Type,d8b8a0d733be4c64e3afa73c17ee05d1ccb7dd42
com.facebook.presto.sql.planner.iterative.rule.TestJoinNodeFlattener,29,presto_3603,Change Variable Type,d8b8a0d733be4c64e3afa73c17ee05d1ccb7dd42
com.facebook.presto.sql.planner.iterative.rule.TestJoinNodeFlattener,29,presto_3586,Change Variable Type,d8b8a0d733be4c64e3afa73c17ee05d1ccb7dd42
com.facebook.presto.sql.planner.iterative.rule.TestJoinNodeFlattener,29,presto_3594,Change Variable Type,d8b8a0d733be4c64e3afa73c17ee05d1ccb7dd42
com.facebook.presto.sql.planner.iterative.rule.TestJoinNodeFlattener,29,presto_3596,Change Variable Type,d8b8a0d733be4c64e3afa73c17ee05d1ccb7dd42
com.facebook.presto.sql.planner.iterative.rule.TestJoinNodeFlattener,29,presto_3588,Change Variable Type,d8b8a0d733be4c64e3afa73c17ee05d1ccb7dd42
com.facebook.presto.sql.planner.iterative.rule.TestJoinNodeFlattener,29,presto_3602,Change Variable Type,d8b8a0d733be4c64e3afa73c17ee05d1ccb7dd42
com.facebook.presto.sql.planner.iterative.rule.TestJoinNodeFlattener,29,presto_3587,Change Variable Type,d8b8a0d733be4c64e3afa73c17ee05d1ccb7dd42
com.facebook.presto.sql.planner.iterative.rule.TestJoinNodeFlattener,29,presto_3609,Change Variable Type,d8b8a0d733be4c64e3afa73c17ee05d1ccb7dd42
com.facebook.presto.sql.planner.iterative.rule.TestJoinNodeFlattener,29,presto_3584,Change Variable Type,d8b8a0d733be4c64e3afa73c17ee05d1ccb7dd42
com.facebook.presto.sql.planner.iterative.rule.TestJoinNodeFlattener,29,presto_3590,Change Variable Type,d8b8a0d733be4c64e3afa73c17ee05d1ccb7dd42
com.facebook.presto.sql.planner.iterative.rule.TestJoinNodeFlattener,29,presto_3601,Change Variable Type,d8b8a0d733be4c64e3afa73c17ee05d1ccb7dd42
com.facebook.presto.sql.planner.iterative.rule.TestJoinNodeFlattener,29,presto_3604,Change Variable Type,d8b8a0d733be4c64e3afa73c17ee05d1ccb7dd42
com.facebook.presto.sql.planner.iterative.rule.TestJoinNodeFlattener,29,presto_3607,Change Variable Type,d8b8a0d733be4c64e3afa73c17ee05d1ccb7dd42
com.facebook.presto.sql.planner.iterative.rule.TestJoinNodeFlattener,29,presto_3605,Change Variable Type,d8b8a0d733be4c64e3afa73c17ee05d1ccb7dd42
com.facebook.presto.sql.planner.iterative.rule.TestJoinNodeFlattener,29,presto_3592,Change Variable Type,d8b8a0d733be4c64e3afa73c17ee05d1ccb7dd42
com.facebook.presto.sql.planner.iterative.rule.TestJoinNodeFlattener,29,presto_3595,Change Variable Type,d8b8a0d733be4c64e3afa73c17ee05d1ccb7dd42
com.facebook.presto.sql.planner.iterative.rule.TestJoinNodeFlattener,29,presto_3610,Change Variable Type,d8b8a0d733be4c64e3afa73c17ee05d1ccb7dd42
com.facebook.presto.sql.planner.iterative.rule.TestJoinNodeFlattener,29,presto_3591,Change Variable Type,d8b8a0d733be4c64e3afa73c17ee05d1ccb7dd42
com.facebook.presto.sql.planner.iterative.rule.TestJoinNodeFlattener,29,presto_3608,Change Variable Type,d8b8a0d733be4c64e3afa73c17ee05d1ccb7dd42
com.facebook.presto.sql.planner.plan.SpatialJoinNode,22,presto_3577,Change Attribute Type,d8b8a0d733be4c64e3afa73c17ee05d1ccb7dd42
com.facebook.presto.sql.planner.plan.SpatialJoinNode,22,presto_3575,Change Variable Type,d8b8a0d733be4c64e3afa73c17ee05d1ccb7dd42
com.facebook.presto.sql.planner.plan.SpatialJoinNode,22,presto_3576,Rename Attribute,d8b8a0d733be4c64e3afa73c17ee05d1ccb7dd42
com.facebook.presto.sql.planner.plan.SpatialJoinNode,22,presto_3573,Change Parameter Type,d8b8a0d733be4c64e3afa73c17ee05d1ccb7dd42
com.facebook.presto.sql.planner.plan.SpatialJoinNode,22,presto_3574,Extract Method,d8b8a0d733be4c64e3afa73c17ee05d1ccb7dd42
com.facebook.presto.sql.planner.plan.SpatialJoinNode,22,presto_3572,Rename Parameter,d8b8a0d733be4c64e3afa73c17ee05d1ccb7dd42
com.facebook.presto.sql.planner.iterative.rule.test.PlanBuilder,84,presto_6101,Inline Method,57b570494bd8348d76af6c8a4d5384435b3ad18f
com.facebook.presto.metadata.Metadata,14,presto_6106,Change Parameter Type,57b570494bd8348d76af6c8a4d5384435b3ad18f
com.facebook.presto.metadata.Metadata,14,presto_6104,Change Return Type,57b570494bd8348d76af6c8a4d5384435b3ad18f
com.facebook.presto.metadata.Metadata,14,presto_6107,Change Parameter Type,57b570494bd8348d76af6c8a4d5384435b3ad18f
com.facebook.presto.metadata.Metadata,14,presto_6103,Rename Method,57b570494bd8348d76af6c8a4d5384435b3ad18f
com.facebook.presto.metadata.Metadata,14,presto_6102,Change Parameter Type,57b570494bd8348d76af6c8a4d5384435b3ad18f
com.facebook.presto.metadata.Metadata,14,presto_6105,Rename Parameter,57b570494bd8348d76af6c8a4d5384435b3ad18f
com.facebook.presto.sql.planner.InputExtractor,2,presto_6092,Rename Parameter,57b570494bd8348d76af6c8a4d5384435b3ad18f
com.facebook.presto.sql.planner.InputExtractor,2,presto_6093,Change Parameter Type,57b570494bd8348d76af6c8a4d5384435b3ad18f
com.facebook.presto.split.SplitSourceProvider,2,presto_6109,Change Parameter Type,57b570494bd8348d76af6c8a4d5384435b3ad18f
com.facebook.presto.split.SplitSourceProvider,2,presto_6108,Rename Parameter,57b570494bd8348d76af6c8a4d5384435b3ad18f
com.facebook.presto.metadata.AbstractMockMetadata,14,presto_6096,Change Return Type,57b570494bd8348d76af6c8a4d5384435b3ad18f
com.facebook.presto.metadata.AbstractMockMetadata,14,presto_6095,Change Parameter Type,57b570494bd8348d76af6c8a4d5384435b3ad18f
com.facebook.presto.metadata.AbstractMockMetadata,14,presto_6099,Rename Method,57b570494bd8348d76af6c8a4d5384435b3ad18f
com.facebook.presto.metadata.AbstractMockMetadata,14,presto_6098,Change Parameter Type,57b570494bd8348d76af6c8a4d5384435b3ad18f
com.facebook.presto.metadata.AbstractMockMetadata,14,presto_6100,Change Parameter Type,57b570494bd8348d76af6c8a4d5384435b3ad18f
com.facebook.presto.metadata.AbstractMockMetadata,14,presto_6097,Rename Parameter,57b570494bd8348d76af6c8a4d5384435b3ad18f
com.facebook.presto.split.CloseableSplitSourceProvider,2,presto_6089,Change Parameter Type,57b570494bd8348d76af6c8a4d5384435b3ad18f
com.facebook.presto.split.CloseableSplitSourceProvider,2,presto_6088,Rename Parameter,57b570494bd8348d76af6c8a4d5384435b3ad18f
com.facebook.presto.split.SplitManager,2,presto_6091,Change Parameter Type,57b570494bd8348d76af6c8a4d5384435b3ad18f
com.facebook.presto.split.SplitManager,2,presto_6090,Rename Parameter,57b570494bd8348d76af6c8a4d5384435b3ad18f
com.facebook.presto.benchmark.AbstractOperatorBenchmark,9,presto_6080,Change Parameter Type,57b570494bd8348d76af6c8a4d5384435b3ad18f
com.facebook.presto.sql.planner.iterative.rule.PickTableLayout.PickTableLayoutWithoutPredicate,5,presto_6094,Change Variable Type,57b570494bd8348d76af6c8a4d5384435b3ad18f
com.facebook.presto.metadata.MetadataManager,17,presto_6086,Change Variable Type,57b570494bd8348d76af6c8a4d5384435b3ad18f
com.facebook.presto.metadata.MetadataManager,17,presto_6081,Change Parameter Type,57b570494bd8348d76af6c8a4d5384435b3ad18f
com.facebook.presto.metadata.MetadataManager,17,presto_6082,Change Return Type,57b570494bd8348d76af6c8a4d5384435b3ad18f
com.facebook.presto.metadata.MetadataManager,17,presto_6084,Change Parameter Type,57b570494bd8348d76af6c8a4d5384435b3ad18f
com.facebook.presto.metadata.MetadataManager,17,presto_6085,Rename Method,57b570494bd8348d76af6c8a4d5384435b3ad18f
com.facebook.presto.metadata.MetadataManager,17,presto_6087,Rename Variable,57b570494bd8348d76af6c8a4d5384435b3ad18f
com.facebook.presto.metadata.MetadataManager,17,presto_6083,Rename Parameter,57b570494bd8348d76af6c8a4d5384435b3ad18f
com.facebook.presto.orc.BenchmarkStreamReaders.BenchmarkData,66,presto_5670,Pull Up Attribute,997e8aa4cd2fbf9821285b60d03b10e971b90398
com.facebook.presto.orc.BenchmarkStreamReaders.BenchmarkData,66,presto_5700,Pull Up Method,997e8aa4cd2fbf9821285b60d03b10e971b90398
com.facebook.presto.orc.BenchmarkStreamReaders.BenchmarkData,66,presto_5705,Pull Up Attribute,997e8aa4cd2fbf9821285b60d03b10e971b90398
com.facebook.presto.orc.BenchmarkStreamReaders.BenchmarkData,66,presto_5715,Pull Up Method,997e8aa4cd2fbf9821285b60d03b10e971b90398
com.facebook.presto.orc.BenchmarkStreamReaders.BenchmarkData,66,presto_5721,Pull Up Attribute,997e8aa4cd2fbf9821285b60d03b10e971b90398
com.facebook.presto.orc.BenchmarkStreamReaders.BenchmarkData,66,presto_5662,Extract Superclass,997e8aa4cd2fbf9821285b60d03b10e971b90398
com.facebook.presto.orc.BenchmarkStreamReaders.BenchmarkData,66,presto_5714,Pull Up Attribute,997e8aa4cd2fbf9821285b60d03b10e971b90398
com.facebook.presto.orc.BenchmarkStreamReaders.BenchmarkData,66,presto_5706,Pull Up Attribute,997e8aa4cd2fbf9821285b60d03b10e971b90398
com.facebook.presto.orc.BenchmarkStreamReaders.BenchmarkData,66,presto_5664,Pull Up Method,997e8aa4cd2fbf9821285b60d03b10e971b90398
com.facebook.presto.orc.BenchmarkStreamReaders.BenchmarkData,66,presto_5702,Pull Up Attribute,997e8aa4cd2fbf9821285b60d03b10e971b90398
com.facebook.presto.orc.BenchmarkStreamReaders.BenchmarkData,66,presto_5718,Pull Up Attribute,997e8aa4cd2fbf9821285b60d03b10e971b90398
com.facebook.presto.orc.BenchmarkStreamReaders.BenchmarkData,66,presto_5701,Pull Up Attribute,997e8aa4cd2fbf9821285b60d03b10e971b90398
com.facebook.presto.orc.BenchmarkStreamReaders.BenchmarkData,66,presto_5723,Pull Up Method,997e8aa4cd2fbf9821285b60d03b10e971b90398
com.facebook.presto.orc.BenchmarkStreamReaders.BenchmarkData,66,presto_5699,Pull Up Method,997e8aa4cd2fbf9821285b60d03b10e971b90398
com.facebook.presto.orc.BenchmarkStreamReaders.BenchmarkData,66,presto_5712,Pull Up Method,997e8aa4cd2fbf9821285b60d03b10e971b90398
com.facebook.presto.orc.BenchmarkStreamReaders.BenchmarkData,66,presto_5703,Pull Up Method,997e8aa4cd2fbf9821285b60d03b10e971b90398
com.facebook.presto.orc.BenchmarkStreamReaders.BenchmarkData,66,presto_5726,Pull Up Attribute,997e8aa4cd2fbf9821285b60d03b10e971b90398
com.facebook.presto.orc.BenchmarkStreamReaders.BenchmarkData,66,presto_5688,Pull Up Method,997e8aa4cd2fbf9821285b60d03b10e971b90398
com.facebook.presto.orc.BenchmarkStreamReaders.BenchmarkData,66,presto_5680,Pull Up Method,997e8aa4cd2fbf9821285b60d03b10e971b90398
com.facebook.presto.orc.BenchmarkStreamReaders.BenchmarkData,66,presto_5711,Pull Up Method,997e8aa4cd2fbf9821285b60d03b10e971b90398
com.facebook.presto.orc.BenchmarkStreamReaders.BenchmarkData,66,presto_5707,Pull Up Method,997e8aa4cd2fbf9821285b60d03b10e971b90398
com.facebook.presto.orc.BenchmarkStreamReaders.BenchmarkData,66,presto_5672,Pull Up Method,997e8aa4cd2fbf9821285b60d03b10e971b90398
com.facebook.presto.orc.BenchmarkStreamReaders.BenchmarkData,66,presto_5675,Pull Up Method,997e8aa4cd2fbf9821285b60d03b10e971b90398
com.facebook.presto.orc.BenchmarkStreamReaders.BenchmarkData,66,presto_5665,Pull Up Attribute,997e8aa4cd2fbf9821285b60d03b10e971b90398
com.facebook.presto.orc.BenchmarkStreamReaders.BenchmarkData,66,presto_5704,Pull Up Method,997e8aa4cd2fbf9821285b60d03b10e971b90398
com.facebook.presto.orc.BenchmarkStreamReaders.BenchmarkData,66,presto_5663,Pull Up Method,997e8aa4cd2fbf9821285b60d03b10e971b90398
com.facebook.presto.orc.BenchmarkStreamReaders.BenchmarkData,66,presto_5684,Pull Up Method,997e8aa4cd2fbf9821285b60d03b10e971b90398
com.facebook.presto.orc.BenchmarkStreamReaders.BenchmarkData,66,presto_5708,Pull Up Method,997e8aa4cd2fbf9821285b60d03b10e971b90398
com.facebook.presto.orc.BenchmarkStreamReaders.BenchmarkData,66,presto_5681,Pull Up Attribute,997e8aa4cd2fbf9821285b60d03b10e971b90398
com.facebook.presto.orc.BenchmarkStreamReaders.BenchmarkData,66,presto_5696,Pull Up Method,997e8aa4cd2fbf9821285b60d03b10e971b90398
com.facebook.presto.orc.BenchmarkStreamReaders.BenchmarkData,66,presto_5725,Pull Up Attribute,997e8aa4cd2fbf9821285b60d03b10e971b90398
com.facebook.presto.orc.BenchmarkStreamReaders.BenchmarkData,66,presto_5689,Pull Up Attribute,997e8aa4cd2fbf9821285b60d03b10e971b90398
com.facebook.presto.orc.BenchmarkStreamReaders.BenchmarkData,66,presto_5717,Pull Up Attribute,997e8aa4cd2fbf9821285b60d03b10e971b90398
com.facebook.presto.orc.BenchmarkStreamReaders.BenchmarkData,66,presto_5692,Pull Up Method,997e8aa4cd2fbf9821285b60d03b10e971b90398
com.facebook.presto.orc.BenchmarkStreamReaders.BenchmarkData,66,presto_5722,Pull Up Attribute,997e8aa4cd2fbf9821285b60d03b10e971b90398
com.facebook.presto.orc.BenchmarkStreamReaders.BenchmarkData,66,presto_5679,Pull Up Method,997e8aa4cd2fbf9821285b60d03b10e971b90398
com.facebook.presto.orc.BenchmarkStreamReaders.BenchmarkData,66,presto_5687,Pull Up Method,997e8aa4cd2fbf9821285b60d03b10e971b90398
com.facebook.presto.orc.BenchmarkStreamReaders.BenchmarkData,66,presto_5691,Pull Up Method,997e8aa4cd2fbf9821285b60d03b10e971b90398
com.facebook.presto.orc.BenchmarkStreamReaders.BenchmarkData,66,presto_5669,Pull Up Attribute,997e8aa4cd2fbf9821285b60d03b10e971b90398
com.facebook.presto.orc.BenchmarkStreamReaders.BenchmarkData,66,presto_5695,Pull Up Method,997e8aa4cd2fbf9821285b60d03b10e971b90398
com.facebook.presto.orc.BenchmarkStreamReaders.BenchmarkData,66,presto_5693,Pull Up Attribute,997e8aa4cd2fbf9821285b60d03b10e971b90398
com.facebook.presto.orc.BenchmarkStreamReaders.BenchmarkData,66,presto_5713,Pull Up Attribute,997e8aa4cd2fbf9821285b60d03b10e971b90398
com.facebook.presto.orc.BenchmarkStreamReaders.BenchmarkData,66,presto_5719,Pull Up Method,997e8aa4cd2fbf9821285b60d03b10e971b90398
com.facebook.presto.orc.BenchmarkStreamReaders.BenchmarkData,66,presto_5667,Pull Up Method,997e8aa4cd2fbf9821285b60d03b10e971b90398
com.facebook.presto.orc.BenchmarkStreamReaders.BenchmarkData,66,presto_5673,Pull Up Attribute,997e8aa4cd2fbf9821285b60d03b10e971b90398
com.facebook.presto.orc.BenchmarkStreamReaders.BenchmarkData,66,presto_5674,Pull Up Attribute,997e8aa4cd2fbf9821285b60d03b10e971b90398
com.facebook.presto.orc.BenchmarkStreamReaders.BenchmarkData,66,presto_5697,Pull Up Attribute,997e8aa4cd2fbf9821285b60d03b10e971b90398
com.facebook.presto.orc.BenchmarkStreamReaders.BenchmarkData,66,presto_5678,Pull Up Attribute,997e8aa4cd2fbf9821285b60d03b10e971b90398
com.facebook.presto.orc.BenchmarkStreamReaders.BenchmarkData,66,presto_5690,Pull Up Attribute,997e8aa4cd2fbf9821285b60d03b10e971b90398
com.facebook.presto.orc.BenchmarkStreamReaders.BenchmarkData,66,presto_5724,Pull Up Method,997e8aa4cd2fbf9821285b60d03b10e971b90398
com.facebook.presto.orc.BenchmarkStreamReaders.BenchmarkData,66,presto_5676,Pull Up Method,997e8aa4cd2fbf9821285b60d03b10e971b90398
com.facebook.presto.orc.BenchmarkStreamReaders.BenchmarkData,66,presto_5682,Pull Up Attribute,997e8aa4cd2fbf9821285b60d03b10e971b90398
com.facebook.presto.orc.BenchmarkStreamReaders.BenchmarkData,66,presto_5685,Pull Up Attribute,997e8aa4cd2fbf9821285b60d03b10e971b90398
com.facebook.presto.orc.BenchmarkStreamReaders.BenchmarkData,66,presto_5666,Pull Up Attribute,997e8aa4cd2fbf9821285b60d03b10e971b90398
com.facebook.presto.orc.BenchmarkStreamReaders.BenchmarkData,66,presto_5671,Pull Up Method,997e8aa4cd2fbf9821285b60d03b10e971b90398
com.facebook.presto.orc.BenchmarkStreamReaders.BenchmarkData,66,presto_5698,Pull Up Attribute,997e8aa4cd2fbf9821285b60d03b10e971b90398
com.facebook.presto.orc.BenchmarkStreamReaders.BenchmarkData,66,presto_5709,Pull Up Attribute,997e8aa4cd2fbf9821285b60d03b10e971b90398
com.facebook.presto.orc.BenchmarkStreamReaders.BenchmarkData,66,presto_5720,Pull Up Method,997e8aa4cd2fbf9821285b60d03b10e971b90398
com.facebook.presto.orc.BenchmarkStreamReaders.BenchmarkData,66,presto_5668,Pull Up Method,997e8aa4cd2fbf9821285b60d03b10e971b90398
com.facebook.presto.orc.BenchmarkStreamReaders.BenchmarkData,66,presto_5677,Pull Up Attribute,997e8aa4cd2fbf9821285b60d03b10e971b90398
com.facebook.presto.orc.BenchmarkStreamReaders.BenchmarkData,66,presto_5686,Pull Up Attribute,997e8aa4cd2fbf9821285b60d03b10e971b90398
com.facebook.presto.orc.BenchmarkStreamReaders.BenchmarkData,66,presto_5716,Pull Up Method,997e8aa4cd2fbf9821285b60d03b10e971b90398
com.facebook.presto.orc.BenchmarkStreamReaders.BenchmarkData,66,presto_5683,Pull Up Method,997e8aa4cd2fbf9821285b60d03b10e971b90398
com.facebook.presto.orc.BenchmarkStreamReaders.BenchmarkData,66,presto_5710,Pull Up Attribute,997e8aa4cd2fbf9821285b60d03b10e971b90398
com.facebook.presto.orc.BenchmarkStreamReaders.BenchmarkData,66,presto_5694,Pull Up Attribute,997e8aa4cd2fbf9821285b60d03b10e971b90398
com.facebook.presto.orc.BenchmarkStreamReaders.DecimalWithNullBenchmarkData,5,presto_5684,Pull Up Method,997e8aa4cd2fbf9821285b60d03b10e971b90398
com.facebook.presto.orc.BenchmarkStreamReaders.DecimalWithNullBenchmarkData,5,presto_5686,Pull Up Attribute,997e8aa4cd2fbf9821285b60d03b10e971b90398
com.facebook.presto.orc.BenchmarkStreamReaders.DecimalWithNullBenchmarkData,5,presto_5683,Pull Up Method,997e8aa4cd2fbf9821285b60d03b10e971b90398
com.facebook.presto.orc.BenchmarkStreamReaders.DecimalWithNullBenchmarkData,5,presto_5685,Pull Up Attribute,997e8aa4cd2fbf9821285b60d03b10e971b90398
com.facebook.presto.orc.BenchmarkStreamReaders.TimestampWithNullBenchmarkData,5,presto_5723,Pull Up Method,997e8aa4cd2fbf9821285b60d03b10e971b90398
com.facebook.presto.orc.BenchmarkStreamReaders.TimestampWithNullBenchmarkData,5,presto_5725,Pull Up Attribute,997e8aa4cd2fbf9821285b60d03b10e971b90398
com.facebook.presto.orc.BenchmarkStreamReaders.TimestampWithNullBenchmarkData,5,presto_5724,Pull Up Method,997e8aa4cd2fbf9821285b60d03b10e971b90398
com.facebook.presto.orc.BenchmarkStreamReaders.TimestampWithNullBenchmarkData,5,presto_5726,Pull Up Attribute,997e8aa4cd2fbf9821285b60d03b10e971b90398
"[com.facebook.presto.orc.BenchmarkStreamReaders.BooleanNoNullBenchmarkData, com.facebook.presto.orc.BenchmarkStreamReaders.BooleanWithNullBenchmarkData, com.facebook.presto.orc.BenchmarkStreamReaders.TinyIntNoNullBenchmarkData, com.facebook.presto.orc.BenchmarkStreamReaders.TinyIntWithNullBenchmarkData, com.facebook.presto.orc.BenchmarkStreamReaders.DecimalNoNullBenchmarkData, com.facebook.presto.orc.BenchmarkStreamReaders.DecimalWithNullBenchmarkData, com.facebook.presto.orc.BenchmarkStreamReaders.DoubleNoNullBenchmarkData, com.facebook.presto.orc.BenchmarkStreamReaders.DoubleWithNullBenchmarkData, com.facebook.presto.orc.BenchmarkStreamReaders.FloatNoNullBenchmarkData, com.facebook.presto.orc.BenchmarkStreamReaders.FloatWithNullBenchmarkData, com.facebook.presto.orc.BenchmarkStreamReaders.BigintNoNullBenchmarkData, com.facebook.presto.orc.BenchmarkStreamReaders.BigintWithNullBenchmarkData, com.facebook.presto.orc.BenchmarkStreamReaders.VarcharNoNullBenchmarkData, com.facebook.presto.orc.BenchmarkStreamReaders.VarcharWithNullBenchmarkData, com.facebook.presto.orc.BenchmarkStreamReaders.TimestampNoNullBenchmarkData, com.facebook.presto.orc.BenchmarkStreamReaders.TimestampWithNullBenchmarkData]",1,presto_5662,Extract Superclass,997e8aa4cd2fbf9821285b60d03b10e971b90398
com.facebook.presto.orc.BenchmarkStreamReaders.TimestampNoNullBenchmarkData,5,presto_5721,Pull Up Attribute,997e8aa4cd2fbf9821285b60d03b10e971b90398
com.facebook.presto.orc.BenchmarkStreamReaders.TimestampNoNullBenchmarkData,5,presto_5720,Pull Up Method,997e8aa4cd2fbf9821285b60d03b10e971b90398
com.facebook.presto.orc.BenchmarkStreamReaders.TimestampNoNullBenchmarkData,5,presto_5719,Pull Up Method,997e8aa4cd2fbf9821285b60d03b10e971b90398
com.facebook.presto.orc.BenchmarkStreamReaders.TimestampNoNullBenchmarkData,5,presto_5722,Pull Up Attribute,997e8aa4cd2fbf9821285b60d03b10e971b90398
com.facebook.presto.orc.BenchmarkStreamReaders.FloatWithNullBenchmarkData,5,presto_5700,Pull Up Method,997e8aa4cd2fbf9821285b60d03b10e971b90398
com.facebook.presto.orc.BenchmarkStreamReaders.FloatWithNullBenchmarkData,5,presto_5699,Pull Up Method,997e8aa4cd2fbf9821285b60d03b10e971b90398
com.facebook.presto.orc.BenchmarkStreamReaders.FloatWithNullBenchmarkData,5,presto_5702,Pull Up Attribute,997e8aa4cd2fbf9821285b60d03b10e971b90398
com.facebook.presto.orc.BenchmarkStreamReaders.FloatWithNullBenchmarkData,5,presto_5701,Pull Up Attribute,997e8aa4cd2fbf9821285b60d03b10e971b90398
com.facebook.presto.orc.BenchmarkStreamReaders.FloatNoNullBenchmarkData,5,presto_5695,Pull Up Method,997e8aa4cd2fbf9821285b60d03b10e971b90398
com.facebook.presto.orc.BenchmarkStreamReaders.FloatNoNullBenchmarkData,5,presto_5696,Pull Up Method,997e8aa4cd2fbf9821285b60d03b10e971b90398
com.facebook.presto.orc.BenchmarkStreamReaders.FloatNoNullBenchmarkData,5,presto_5698,Pull Up Attribute,997e8aa4cd2fbf9821285b60d03b10e971b90398
com.facebook.presto.orc.BenchmarkStreamReaders.FloatNoNullBenchmarkData,5,presto_5697,Pull Up Attribute,997e8aa4cd2fbf9821285b60d03b10e971b90398
com.facebook.presto.orc.BenchmarkStreamReaders.BigintNoNullBenchmarkData,5,presto_5705,Pull Up Attribute,997e8aa4cd2fbf9821285b60d03b10e971b90398
com.facebook.presto.orc.BenchmarkStreamReaders.BigintNoNullBenchmarkData,5,presto_5703,Pull Up Method,997e8aa4cd2fbf9821285b60d03b10e971b90398
com.facebook.presto.orc.BenchmarkStreamReaders.BigintNoNullBenchmarkData,5,presto_5704,Pull Up Method,997e8aa4cd2fbf9821285b60d03b10e971b90398
com.facebook.presto.orc.BenchmarkStreamReaders.BigintNoNullBenchmarkData,5,presto_5706,Pull Up Attribute,997e8aa4cd2fbf9821285b60d03b10e971b90398
com.facebook.presto.orc.BenchmarkStreamReaders.TinyIntWithNullBenchmarkData,5,presto_5678,Pull Up Attribute,997e8aa4cd2fbf9821285b60d03b10e971b90398
com.facebook.presto.orc.BenchmarkStreamReaders.TinyIntWithNullBenchmarkData,5,presto_5675,Pull Up Method,997e8aa4cd2fbf9821285b60d03b10e971b90398
com.facebook.presto.orc.BenchmarkStreamReaders.TinyIntWithNullBenchmarkData,5,presto_5676,Pull Up Method,997e8aa4cd2fbf9821285b60d03b10e971b90398
com.facebook.presto.orc.BenchmarkStreamReaders.TinyIntWithNullBenchmarkData,5,presto_5677,Pull Up Attribute,997e8aa4cd2fbf9821285b60d03b10e971b90398
com.facebook.presto.orc.BenchmarkStreamReaders.BooleanNoNullBenchmarkData,5,presto_5666,Pull Up Attribute,997e8aa4cd2fbf9821285b60d03b10e971b90398
com.facebook.presto.orc.BenchmarkStreamReaders.BooleanNoNullBenchmarkData,5,presto_5665,Pull Up Attribute,997e8aa4cd2fbf9821285b60d03b10e971b90398
com.facebook.presto.orc.BenchmarkStreamReaders.BooleanNoNullBenchmarkData,5,presto_5663,Pull Up Method,997e8aa4cd2fbf9821285b60d03b10e971b90398
com.facebook.presto.orc.BenchmarkStreamReaders.BooleanNoNullBenchmarkData,5,presto_5664,Pull Up Method,997e8aa4cd2fbf9821285b60d03b10e971b90398
com.facebook.presto.orc.BenchmarkStreamReaders.DoubleWithNullBenchmarkData,5,presto_5693,Pull Up Attribute,997e8aa4cd2fbf9821285b60d03b10e971b90398
com.facebook.presto.orc.BenchmarkStreamReaders.DoubleWithNullBenchmarkData,5,presto_5692,Pull Up Method,997e8aa4cd2fbf9821285b60d03b10e971b90398
com.facebook.presto.orc.BenchmarkStreamReaders.DoubleWithNullBenchmarkData,5,presto_5691,Pull Up Method,997e8aa4cd2fbf9821285b60d03b10e971b90398
com.facebook.presto.orc.BenchmarkStreamReaders.DoubleWithNullBenchmarkData,5,presto_5694,Pull Up Attribute,997e8aa4cd2fbf9821285b60d03b10e971b90398
com.facebook.presto.orc.BenchmarkStreamReaders.DoubleNoNullBenchmarkData,5,presto_5690,Pull Up Attribute,997e8aa4cd2fbf9821285b60d03b10e971b90398
com.facebook.presto.orc.BenchmarkStreamReaders.DoubleNoNullBenchmarkData,5,presto_5688,Pull Up Method,997e8aa4cd2fbf9821285b60d03b10e971b90398
com.facebook.presto.orc.BenchmarkStreamReaders.DoubleNoNullBenchmarkData,5,presto_5689,Pull Up Attribute,997e8aa4cd2fbf9821285b60d03b10e971b90398
com.facebook.presto.orc.BenchmarkStreamReaders.DoubleNoNullBenchmarkData,5,presto_5687,Pull Up Method,997e8aa4cd2fbf9821285b60d03b10e971b90398
com.facebook.presto.orc.BenchmarkStreamReaders.DecimalNoNullBenchmarkData,5,presto_5681,Pull Up Attribute,997e8aa4cd2fbf9821285b60d03b10e971b90398
com.facebook.presto.orc.BenchmarkStreamReaders.DecimalNoNullBenchmarkData,5,presto_5680,Pull Up Method,997e8aa4cd2fbf9821285b60d03b10e971b90398
com.facebook.presto.orc.BenchmarkStreamReaders.DecimalNoNullBenchmarkData,5,presto_5682,Pull Up Attribute,997e8aa4cd2fbf9821285b60d03b10e971b90398
com.facebook.presto.orc.BenchmarkStreamReaders.DecimalNoNullBenchmarkData,5,presto_5679,Pull Up Method,997e8aa4cd2fbf9821285b60d03b10e971b90398
com.facebook.presto.orc.BenchmarkStreamReaders.BooleanWithNullBenchmarkData,5,presto_5669,Pull Up Attribute,997e8aa4cd2fbf9821285b60d03b10e971b90398
com.facebook.presto.orc.BenchmarkStreamReaders.BooleanWithNullBenchmarkData,5,presto_5670,Pull Up Attribute,997e8aa4cd2fbf9821285b60d03b10e971b90398
com.facebook.presto.orc.BenchmarkStreamReaders.BooleanWithNullBenchmarkData,5,presto_5668,Pull Up Method,997e8aa4cd2fbf9821285b60d03b10e971b90398
com.facebook.presto.orc.BenchmarkStreamReaders.BooleanWithNullBenchmarkData,5,presto_5667,Pull Up Method,997e8aa4cd2fbf9821285b60d03b10e971b90398
com.facebook.presto.orc.BenchmarkStreamReaders.VarcharWithNullBenchmarkData,5,presto_5715,Pull Up Method,997e8aa4cd2fbf9821285b60d03b10e971b90398
com.facebook.presto.orc.BenchmarkStreamReaders.VarcharWithNullBenchmarkData,5,presto_5716,Pull Up Method,997e8aa4cd2fbf9821285b60d03b10e971b90398
com.facebook.presto.orc.BenchmarkStreamReaders.VarcharWithNullBenchmarkData,5,presto_5717,Pull Up Attribute,997e8aa4cd2fbf9821285b60d03b10e971b90398
com.facebook.presto.orc.BenchmarkStreamReaders.VarcharWithNullBenchmarkData,5,presto_5718,Pull Up Attribute,997e8aa4cd2fbf9821285b60d03b10e971b90398
com.facebook.presto.orc.BenchmarkStreamReaders.TinyIntNoNullBenchmarkData,5,presto_5672,Pull Up Method,997e8aa4cd2fbf9821285b60d03b10e971b90398
com.facebook.presto.orc.BenchmarkStreamReaders.TinyIntNoNullBenchmarkData,5,presto_5671,Pull Up Method,997e8aa4cd2fbf9821285b60d03b10e971b90398
com.facebook.presto.orc.BenchmarkStreamReaders.TinyIntNoNullBenchmarkData,5,presto_5673,Pull Up Attribute,997e8aa4cd2fbf9821285b60d03b10e971b90398
com.facebook.presto.orc.BenchmarkStreamReaders.TinyIntNoNullBenchmarkData,5,presto_5674,Pull Up Attribute,997e8aa4cd2fbf9821285b60d03b10e971b90398
com.facebook.presto.orc.BenchmarkStreamReaders.VarcharNoNullBenchmarkData,5,presto_5712,Pull Up Method,997e8aa4cd2fbf9821285b60d03b10e971b90398
com.facebook.presto.orc.BenchmarkStreamReaders.VarcharNoNullBenchmarkData,5,presto_5713,Pull Up Attribute,997e8aa4cd2fbf9821285b60d03b10e971b90398
com.facebook.presto.orc.BenchmarkStreamReaders.VarcharNoNullBenchmarkData,5,presto_5714,Pull Up Attribute,997e8aa4cd2fbf9821285b60d03b10e971b90398
com.facebook.presto.orc.BenchmarkStreamReaders.VarcharNoNullBenchmarkData,5,presto_5711,Pull Up Method,997e8aa4cd2fbf9821285b60d03b10e971b90398
com.facebook.presto.orc.BenchmarkStreamReaders.BigintWithNullBenchmarkData,5,presto_5708,Pull Up Method,997e8aa4cd2fbf9821285b60d03b10e971b90398
com.facebook.presto.orc.BenchmarkStreamReaders.BigintWithNullBenchmarkData,5,presto_5709,Pull Up Attribute,997e8aa4cd2fbf9821285b60d03b10e971b90398
com.facebook.presto.orc.BenchmarkStreamReaders.BigintWithNullBenchmarkData,5,presto_5710,Pull Up Attribute,997e8aa4cd2fbf9821285b60d03b10e971b90398
com.facebook.presto.orc.BenchmarkStreamReaders.BigintWithNullBenchmarkData,5,presto_5707,Pull Up Method,997e8aa4cd2fbf9821285b60d03b10e971b90398
